coupon_id,valid_date,discount,email
7001,2023-06-25,23.78,qmacmaster2s@themeforest.net
7002,2022-09-15,55.81,istennes16@livejournal.com
7003,2021-10-14,29.2,mfarquhar3s@ehow.com
7004,2023-04-22,48.08,sgood4i@t-online.de
7005,2025-06-24,78.14,ihawke1f@altervista.org
7006,2022-03-01,26.89,dcheson3p@instagram.com
7007,2023-02-13,64.17,tducarme23@lycos.com
7008,2025-03-31,18.32,cfautley1k@msu.edu
7009,2023-08-01,90.7,ncoyneo@eventbrite.com
7010,2022-03-06,41.09,cmartygin39@youtube.com
7011,2022-08-18,10.76,htremmil4q@odnoklassniki.ru
7012,2023-12-23,96.93,totierney14@stumbleupon.com
7013,2025-04-21,62.96,lcecchiv@macromedia.com
7014,2022-12-02,22.68,ckenneway4@mapy.cz
7015,2023-09-14,98.03,tpritchard3w@ebay.co.uk
7016,2021-05-29,69.08,tpavett1s@narod.ru
7017,2024-02-18,14.43,dhair58@chronoengine.com
7018,2023-11-30,51.8,lhincham4d@deviantart.com
7019,2025-06-16,92.73,dtrippitt3t@phpbb.com
7020,2021-08-11,36.42,ehucker3v@meetup.com
7021,2023-08-03,11.73,vcowope5b@sbwire.com
7022,2021-12-23,17.08,hfetterplace2v@phoca.cz
7023,2022-08-20,95.04,klopes2i@soup.io
7024,2024-01-28,60.48,acramphorn12@parallels.com
7025,2025-01-03,56.44,dtrippitt3t@phpbb.com
7026,2022-02-25,67.75,crevington1w@google.com.hk
7027,2022-04-30,42.49,myitzhakof1u@timesonline.co.uk
7028,2024-11-20,61.24,adreamer26@eventbrite.com
7029,2021-08-14,29.22,ebrownlea1y@businessweek.com
7030,2021-05-03,12.47,twilgar3u@desdev.cn
7031,2021-01-01,70.47,totierney14@stumbleupon.com
7032,2023-08-06,58.9,dcheson3p@instagram.com
7033,2022-09-08,79.36,klekeux57@issuu.com
7034,2024-07-20,53.4,jedmansx@mtv.com
7035,2021-06-02,26.55,lmolan4e@dyndns.org
7036,2025-06-11,71.17,cveneur2d@intel.com
7037,2025-02-18,34.12,tpritchard3w@ebay.co.uk
7038,2022-10-30,38.6,kstroyan2l@elegantthemes.com
7039,2024-09-13,49.96,akorf4y@constantcontact.com
7040,2022-03-29,69.44,beacle4s@trellian.com
7041,2025-09-22,47.54,oleneham56@amazon.co.uk
7042,2024-01-10,98.52,dmynett1e@umn.edu
7043,2021-12-12,68.83,gdorsayn@github.com
7044,2025-04-14,85.27,abarrym@huffingtonpost.com
7045,2022-05-09,38.93,cconyer31@thetimes.co.uk
7046,2024-01-12,26.57,dmynett1e@umn.edu
7047,2022-12-20,45.82,asturges55@studiopress.com
7048,2025-02-06,90.04,cedmonston4t@sphinn.com
7049,2021-08-25,67.52,nhalpen1l@phoca.cz
7050,2022-09-28,74.61,renderle5c@ucla.edu
7051,2021-04-27,7.93,ihackin30@comcast.net
7052,2023-01-29,76.8,jbrandino3@hud.gov
7053,2023-06-13,34.16,vroocrofte@sakura.ne.jp
7054,2024-02-01,11.68,aseargeant2b@psu.edu
7055,2022-12-23,33.8,qmacmaster2s@themeforest.net
7056,2023-08-13,25.64,mthompsett1j@nymag.com
7057,2025-11-26,85.07,lmcnabb1@globo.com
7058,2024-08-03,44.05,twilgar3u@desdev.cn
7059,2021-01-31,21.79,klekeux57@issuu.com
7060,2024-10-21,25.25,bdobkin2a@loc.gov
7061,2023-10-13,67.16,lokennedy2z@sfgate.com
7062,2022-08-20,76.08,smaisey1c@macromedia.com
7063,2022-11-23,52.81,sgood4i@t-online.de
7064,2022-10-17,53.22,dfosten2o@homestead.com
7065,2021-02-07,72.04,rbougourd3q@tmall.com
7066,2021-05-23,30.03,fdayment1g@booking.com
7067,2021-07-13,89.23,asturges55@studiopress.com
7068,2022-11-14,90.87,jbamlet2x@smh.com.au
7069,2025-04-10,11.28,kspada4j@latimes.com
7070,2023-04-18,37.57,hhanner4n@dagondesign.com
7071,2022-01-27,75.32,dfigure5e@list-manage.com
7072,2025-06-25,45.61,vroocrofte@sakura.ne.jp
7073,2022-02-07,12.92,tstennett54@networkadvertising.org
7074,2025-07-24,74.19,wscully5j@un.org
7075,2025-06-18,39.22,cveneur2d@intel.com
7076,2022-12-22,79.77,hdoughillw@ed.gov
7077,2022-05-12,28.95,dfosten2o@homestead.com
7078,2024-04-24,88.52,gspires4g@timesonline.co.uk
7079,2021-12-05,36.12,kphetheanu@china.com.cn
7080,2022-04-06,21.09,lfelce50@uiuc.edu
7081,2022-09-09,68.48,hstraneo3h@over-blog.com
7082,2023-07-01,21.94,dolyunin9@webeden.co.uk
7083,2023-02-16,52.9,ybelderfield48@hao123.com
7084,2023-01-12,54.61,bcushionc@msn.com
7085,2025-01-10,59.62,gdayer4m@arstechnica.com
7086,2022-02-21,87.94,mmewburnh@sogou.com
7087,2024-09-16,55.73,wbooi2j@com.com
7088,2022-10-10,68.08,rschrader3e@ihg.com
7089,2022-01-28,58.23,aburnsall52@walmart.com
7090,2024-01-28,87.12,rmorhalli@merriam-webster.com
7091,2024-04-01,37.46,cgoldstraw46@dailymotion.com
7092,2021-08-11,45.06,kcristofari44@lycos.com
7093,2024-03-25,9.06,hfernyhough3n@google.es
7094,2024-03-11,8.31,wbooi2j@com.com
7095,2021-12-22,21.05,smaisey1c@macromedia.com
7096,2021-06-07,28.9,gbarrows17@aboutads.info
7097,2021-10-11,73.92,eaubreyr@miitbeian.gov.cn
7098,2021-11-14,19.17,tducarme23@lycos.com
7099,2025-10-04,69.74,ttease11@mysql.com
7100,2024-10-25,64.01,gdayer4m@arstechnica.com
7101,2021-10-01,44.69,nfairy3a@ycombinator.com
7102,2023-11-03,66.4,cmcamish34@phpbb.com
7103,2021-06-20,96.97,pmoxomz@sfgate.com
7104,2024-08-12,94.13,kohenery4h@admin.ch
7105,2023-11-29,9.92,cmacgiollapheadaira@youku.com
7106,2024-03-06,93.24,dshevlaneq@ning.com
7107,2023-05-04,87.84,ckenneway4@mapy.cz
7108,2023-08-13,64.95,bsimko13@cdc.gov
7109,2025-09-12,80.36,gworsell2g@umich.edu
7110,2023-06-21,67.59,hstraneo3h@over-blog.com
7111,2021-07-26,80.22,hcholmondeley1x@virginia.edu
7112,2022-09-18,25.39,mquinnell2f@state.tx.us
7113,2023-01-13,28.86,cvero4p@paginegialle.it
7114,2024-04-09,65.37,cfautley1k@msu.edu
7115,2025-04-15,45.07,cvero4p@paginegialle.it
7116,2024-08-12,71.18,bamyesf@etsy.com
7117,2022-02-24,12.57,renderle5c@ucla.edu
7118,2022-07-07,97.26,sgood4i@t-online.de
7119,2025-05-14,99.06,asturges55@studiopress.com
7120,2021-01-14,18.17,qmacmaster2s@themeforest.net
7121,2021-01-04,75.09,fmansell5d@bloglovin.com
7122,2024-06-19,5.65,tstennett54@networkadvertising.org
7123,2024-05-09,67.35,dtrippitt3t@phpbb.com
7124,2025-03-10,6.82,whardwicke4x@about.com
7125,2021-03-14,98.44,hlandy1t@uiuc.edu
7126,2021-05-21,55.88,mackerman47@indiatimes.com
7127,2023-08-11,47.81,kjantety@shop-pro.jp
7128,2022-03-24,97.85,kjantety@shop-pro.jp
7129,2021-10-25,98.53,kreade53@apple.com
7130,2021-08-16,37.99,osaenz8@nytimes.com
7131,2023-05-01,47.96,bsimmgen4a@privacy.gov.au
7132,2021-01-17,42.92,gdayer4m@arstechnica.com
7133,2025-04-24,43.1,kphetheanu@china.com.cn
7134,2022-09-22,7.39,wbooi2j@com.com
7135,2024-03-02,70.52,mmewburnh@sogou.com
7136,2022-11-16,68.14,gbarrows17@aboutads.info
7137,2025-10-11,38.42,wbooi2j@com.com
7138,2025-08-28,36.58,adreamer26@eventbrite.com
7139,2021-10-06,37.01,greedman18@google.com.au
7140,2022-01-06,11.18,akorf4y@constantcontact.com
7141,2024-12-31,96.53,jlegerton3m@washington.edu
7142,2024-11-29,83.43,dnealand5g@merriam-webster.com
7143,2022-03-17,28.36,iolivazzi3f@delicious.com
7144,2024-07-19,54.15,bknotton22@list-manage.com
7145,2021-09-27,57.16,ttrippack35@census.gov
7146,2023-07-01,38.09,gspires4g@timesonline.co.uk
7147,2023-02-22,29.79,cvitet2k@pinterest.com
7148,2021-01-29,37.75,nbhar21@timesonline.co.uk
7149,2024-03-13,22.12,vallanson20@webmd.com
7150,2024-08-31,7.38,pmoxomz@sfgate.com
7151,2023-06-06,12.0,bhillock49@amazon.co.uk
7152,2025-12-26,39.06,talbarez36@indiatimes.com
7153,2024-07-01,49.67,ihackin30@comcast.net
7154,2025-05-27,70.37,bknotton22@list-manage.com
7155,2023-06-19,32.52,totierney14@stumbleupon.com
7156,2022-11-20,18.02,akorf4y@constantcontact.com
7157,2023-10-05,46.35,gkeese1i@unesco.org
7158,2024-07-12,21.58,hausten0@newsvine.com
7159,2025-10-21,22.39,rabbess2e@ning.com
7160,2021-09-06,30.77,mskells1n@ifeng.com
7161,2025-09-30,84.95,istennes16@livejournal.com
7162,2022-08-28,24.21,bsimmgen4a@privacy.gov.au
7163,2022-12-04,76.56,whardwicke4x@about.com
7164,2022-01-19,74.86,dtrood29@businessinsider.com
7165,2024-03-09,53.96,cmartygin39@youtube.com
7166,2023-03-01,95.91,irapaportk@yale.edu
7167,2024-01-15,64.22,dshevlaneq@ning.com
7168,2021-09-07,34.61,ehucker3v@meetup.com
7169,2025-04-13,26.62,dtrood29@businessinsider.com
7170,2021-08-03,59.44,smaisey1c@macromedia.com
7171,2025-12-14,69.49,kjantety@shop-pro.jp
7172,2025-07-04,92.48,lokennedy2z@sfgate.com
7173,2025-07-30,21.45,beacle4s@trellian.com
7174,2022-10-07,94.06,fscholey1z@dedecms.com
7175,2025-06-20,58.93,cbilham10@blog.com
7176,2025-02-17,25.86,mrenzo3i@nature.com
7177,2022-03-09,39.07,kjantety@shop-pro.jp
7178,2023-08-13,29.07,dtowse6@hexun.com
7179,2024-03-02,37.51,mgherardini19@rakuten.co.jp
7180,2022-06-13,17.25,kspada4j@latimes.com
7181,2022-02-22,47.01,istennes16@livejournal.com
7182,2023-09-08,90.58,gseid4z@webs.com
7183,2023-10-07,26.13,totierney14@stumbleupon.com
7184,2025-01-06,38.6,jbracchi45@skype.com
7185,2025-12-09,19.91,bosharkey1q@miitbeian.gov.cn
7186,2024-11-18,17.35,abarszczewski4c@google.de
7187,2022-09-20,96.5,hfernyhough3n@google.es
7188,2021-06-15,72.94,bhillock49@amazon.co.uk
7189,2021-02-03,44.42,bcushionc@msn.com
7190,2022-07-17,58.21,osaenz8@nytimes.com
7191,2021-05-20,13.19,bdobkin2a@loc.gov
7192,2022-11-25,38.34,eaubreyr@miitbeian.gov.cn
7193,2022-01-30,69.11,lraschd@myspace.com
7194,2022-10-31,46.6,tducarme23@lycos.com
7195,2021-01-30,68.46,mfarquhar3s@ehow.com
7196,2024-08-12,82.08,gspires4g@timesonline.co.uk
7197,2022-05-20,50.42,lcecchiv@macromedia.com
7198,2022-08-06,81.29,abird27@tmall.com
7199,2021-05-05,23.96,asturges55@studiopress.com
7200,2021-01-01,46.68,totierney14@stumbleupon.com
7201,2025-04-09,83.69,dfosten2o@homestead.com
7202,2022-07-25,56.03,jbracchi45@skype.com
7203,2024-05-28,27.1,klopes2i@soup.io
7204,2025-05-27,15.36,cmartygin39@youtube.com
7205,2024-04-19,86.71,psavory2y@paginegialle.it
7206,2023-02-21,70.75,mthompsett1j@nymag.com
7207,2025-03-22,86.14,gdayer4m@arstechnica.com
7208,2022-06-03,56.58,glaweyl@jugem.jp
7209,2024-11-20,25.77,hfernyhough3n@google.es
7210,2023-05-09,71.19,tneve1h@ca.gov
7211,2022-10-09,85.35,hfetterplace2v@phoca.cz
7212,2024-01-15,25.68,chutchison40@digg.com
7213,2022-05-27,67.38,lesplin5f@google.co.jp
7214,2025-03-28,35.18,hfernyhough3n@google.es
7215,2023-01-13,68.12,ybelderfield48@hao123.com
7216,2021-01-08,72.11,cedmonston4t@sphinn.com
7217,2021-11-27,16.09,mmurrish2m@squidoo.com
7218,2025-05-31,13.96,aseargeant2b@psu.edu
7219,2021-01-03,76.85,sgood4i@t-online.de
7220,2021-03-04,85.16,cpoleykett2w@usatoday.com
7221,2021-03-08,49.2,lcecchiv@macromedia.com
7222,2021-08-04,34.62,cgoldstraw46@dailymotion.com
7223,2022-10-20,34.17,hfernyhough3n@google.es
7224,2021-01-23,66.46,aseargeant2b@psu.edu
7225,2023-04-10,81.75,kjantety@shop-pro.jp
7226,2021-06-21,91.5,dfigure5e@list-manage.com
7227,2024-05-25,88.95,oleneham56@amazon.co.uk
7228,2023-10-04,69.52,ddemitris2h@illinois.edu
7229,2025-04-04,85.59,gdayer4m@arstechnica.com
7230,2022-02-07,8.96,hdoughillw@ed.gov
7231,2024-01-17,97.08,dsmalls4u@smh.com.au
7232,2024-04-27,40.83,mgherardini19@rakuten.co.jp
7233,2022-08-11,5.38,bknotton22@list-manage.com
7234,2025-08-28,31.11,vroocrofte@sakura.ne.jp
7235,2023-04-03,11.84,abarrym@huffingtonpost.com
7236,2024-02-12,81.61,glaweyl@jugem.jp
7237,2021-07-20,89.26,nhalpen1l@phoca.cz
7238,2023-09-01,26.64,bamyesf@etsy.com
7239,2021-04-24,86.89,rabbess2e@ning.com
7240,2024-06-01,52.05,gspires4g@timesonline.co.uk
7241,2023-06-22,96.93,totierney14@stumbleupon.com
7242,2023-05-08,86.14,nbhar21@timesonline.co.uk
7243,2022-10-29,66.46,rschrader3e@ihg.com
7244,2022-08-14,45.85,fmansell5d@bloglovin.com
7245,2023-01-16,33.45,hyokelman1a@hubpages.com
7246,2021-05-03,87.84,ncoyneo@eventbrite.com
7247,2023-08-30,76.66,mthompsett1j@nymag.com
7248,2023-03-15,51.76,myitzhakof1u@timesonline.co.uk
7249,2025-02-23,56.19,totierney14@stumbleupon.com
7250,2021-02-14,77.53,kcristofari44@lycos.com
7251,2022-05-15,98.0,rbougourd3q@tmall.com
7252,2022-10-07,5.32,jramage3j@ustream.tv
7253,2023-06-06,60.91,hstraneo3h@over-blog.com
7254,2024-01-20,17.87,sgateley2@aboutads.info
7255,2022-01-18,48.42,rbougourd3q@tmall.com
7256,2025-01-31,56.67,bknotton22@list-manage.com
7257,2023-03-13,40.2,ttrippack35@census.gov
7258,2021-03-05,26.57,jcrannis24@wsj.com
7259,2021-05-07,96.19,gspires4g@timesonline.co.uk
7260,2021-01-11,98.5,bmyton3g@house.gov
7261,2023-12-24,79.69,mthompsett1j@nymag.com
7262,2021-09-11,42.86,vroocrofte@sakura.ne.jp
7263,2025-03-30,48.53,cconyer31@thetimes.co.uk
7264,2025-10-09,46.32,lmcnabb1@globo.com
7265,2024-06-20,79.42,bmyton3g@house.gov
7266,2025-04-23,15.39,jbrandino3@hud.gov
7267,2025-05-06,15.01,lmolan4e@dyndns.org
7268,2024-06-02,61.28,vroocrofte@sakura.ne.jp
7269,2025-02-22,21.67,kbeecraft4b@flavors.me
7270,2022-11-11,72.27,kdowd32@goodreads.com
7271,2025-10-06,65.74,adugdale4f@vkontakte.ru
7272,2025-09-26,27.57,dkirkpatrickp@nationalgeographic.com
7273,2023-02-15,95.83,nbhar21@timesonline.co.uk
7274,2024-09-02,23.21,cedmonston4t@sphinn.com
7275,2021-03-09,63.14,renderle5c@ucla.edu
7276,2024-09-04,64.76,bbargery5@alibaba.com
7277,2024-11-10,14.89,kstroyan2l@elegantthemes.com
7278,2024-08-03,21.73,dfigure5e@list-manage.com
7279,2021-12-14,27.33,ppasquale3l@pcworld.com
7280,2025-09-06,81.27,dtrippitt3t@phpbb.com
7281,2024-07-04,50.59,oleneham56@amazon.co.uk
7282,2024-01-03,62.67,ltompkin3z@seattletimes.com
7283,2025-09-23,80.01,gdorsayn@github.com
7284,2025-11-06,97.61,jlegerton3m@washington.edu
7285,2024-10-01,51.86,acramphorn12@parallels.com
7286,2024-12-02,10.55,kbeecraft4b@flavors.me
7287,2021-04-27,31.86,ncoyneo@eventbrite.com
7288,2023-02-21,32.07,ttease11@mysql.com
7289,2022-07-09,26.49,lclutterham59@google.ca
7290,2022-08-24,13.59,aseargeant2b@psu.edu
7291,2023-07-16,5.25,jferriman2q@tumblr.com
7292,2023-08-29,66.54,renderle5c@ucla.edu
7293,2021-11-29,74.04,mackerman47@indiatimes.com
7294,2025-05-15,82.6,nhalpen1l@phoca.cz
7295,2023-07-24,6.93,adugdale4f@vkontakte.ru
7296,2023-09-12,94.39,oleneham56@amazon.co.uk
7297,2021-02-05,98.34,kphetheanu@china.com.cn
7298,2025-05-07,58.6,agilvear33@hp.com
7299,2023-09-09,33.97,dshevlaneq@ning.com
7300,2022-08-07,71.12,ppasquale3l@pcworld.com
7301,2025-07-05,55.79,ahodgin51@jigsy.com
7302,2022-11-23,50.11,hlandy1t@uiuc.edu
7303,2023-04-05,78.88,nodunniom3r@cloudflare.com
7304,2022-04-21,44.19,mcurd2p@sciencedirect.com
7305,2022-10-04,33.96,mthompsett1j@nymag.com
7306,2024-11-01,98.67,dnealand5g@merriam-webster.com
7307,2025-02-03,96.66,abird27@tmall.com
7308,2025-02-20,78.19,abarrym@huffingtonpost.com
7309,2022-02-13,73.17,adreamer26@eventbrite.com
7310,2024-03-10,12.11,glaweyl@jugem.jp
7311,2022-11-04,37.29,nhalpen1l@phoca.cz
7312,2024-04-17,49.78,bdobkin2a@loc.gov
7313,2021-04-11,89.87,ebrownlea1y@businessweek.com
7314,2021-02-16,95.54,totierney14@stumbleupon.com
7315,2021-12-28,60.66,osaenz8@nytimes.com
7316,2025-04-16,67.98,gseid4z@webs.com
7317,2023-03-16,77.01,jcrannis24@wsj.com
7318,2024-11-13,49.19,kcristofari44@lycos.com
7319,2021-03-01,86.43,jbrandino3@hud.gov
7320,2024-10-02,45.71,ahodgin51@jigsy.com
7321,2021-10-09,19.17,tcurreenj@studiopress.com
7322,2024-01-05,51.2,gdorsayn@github.com
7323,2021-06-19,35.63,oleneham56@amazon.co.uk
7324,2022-08-03,58.31,psavory2y@paginegialle.it
7325,2025-10-22,79.59,bdobkin2a@loc.gov
7326,2023-06-20,56.59,bsimko13@cdc.gov
7327,2023-11-30,97.81,whardwicke4x@about.com
7328,2021-05-02,23.05,gworsell2g@umich.edu
7329,2023-01-30,92.42,tstennett54@networkadvertising.org
7330,2022-06-25,60.16,ihawke1f@altervista.org
7331,2022-06-01,40.62,ggercken1m@tmall.com
7332,2025-12-19,82.49,cjacquet2r@addthis.com
7333,2025-06-27,48.08,klekeux57@issuu.com
7334,2025-07-19,8.42,kphetheanu@china.com.cn
7335,2024-02-02,72.09,kcristofari44@lycos.com
7336,2024-08-20,95.44,bpass3y@bizjournals.com
7337,2025-11-30,52.74,irapaportk@yale.edu
7338,2024-01-12,42.64,kphetheanu@china.com.cn
7339,2024-11-23,34.15,cmartygin39@youtube.com
7340,2022-08-01,8.35,nodunniom3r@cloudflare.com
7341,2023-01-10,21.76,kcristofari44@lycos.com
7342,2023-08-11,87.23,kjantety@shop-pro.jp
7343,2025-10-10,9.95,gdayer4m@arstechnica.com
7344,2023-12-07,50.68,hstraneo3h@over-blog.com
7345,2022-10-30,89.81,beacle4s@trellian.com
7346,2022-05-10,19.8,gbarrows17@aboutads.info
7347,2022-04-04,47.35,pwilshere28@devhub.com
7348,2022-10-06,19.7,lflieg1v@linkedin.com
7349,2023-07-07,62.43,iolivazzi3f@delicious.com
7350,2023-10-22,43.38,cjacquet2r@addthis.com
7351,2024-05-12,18.17,cvero4p@paginegialle.it
7352,2024-07-08,74.06,chutchison40@digg.com
7353,2023-09-11,22.86,tkarpfen3c@nhs.uk
7354,2025-06-01,73.36,fdayment1g@booking.com
7355,2022-07-28,26.74,gseid4z@webs.com
7356,2022-08-24,61.88,kspada4j@latimes.com
7357,2025-11-15,51.4,bdobkin2a@loc.gov
7358,2023-06-21,96.09,hfetterplace2v@phoca.cz
7359,2025-08-21,87.13,lesplin5f@google.co.jp
7360,2023-11-04,93.3,acundy3b@springer.com
7361,2023-05-04,72.73,kdowd32@goodreads.com
7362,2025-06-20,72.79,lmolan4e@dyndns.org
7363,2025-10-04,83.93,ttease11@mysql.com
7364,2023-04-20,80.31,aburnsall52@walmart.com
7365,2021-01-23,44.45,cedmonston4t@sphinn.com
7366,2021-05-17,83.57,gbarrows17@aboutads.info
7367,2021-06-15,23.79,ladams37@intel.com
7368,2021-09-30,48.77,aburnsall52@walmart.com
7369,2023-07-28,73.05,hstraneo3h@over-blog.com
7370,2022-04-29,85.55,lclutterham59@google.ca
7371,2021-03-22,70.15,oleneham56@amazon.co.uk
7372,2023-12-22,11.81,dnealand5g@merriam-webster.com
7373,2023-12-21,58.76,ladams37@intel.com
7374,2023-07-23,33.19,abird27@tmall.com
7375,2021-10-21,62.76,rschrader3e@ihg.com
7376,2021-02-24,17.52,dcarmichael4r@ucoz.ru
7377,2025-04-21,16.3,beacle4s@trellian.com
7378,2021-01-24,31.43,bpass3y@bizjournals.com
7379,2024-07-20,70.21,kphetheanu@china.com.cn
7380,2022-05-11,36.46,mfarquhar3s@ehow.com
7381,2023-02-18,29.83,ttrippack35@census.gov
7382,2021-01-29,24.66,rabbess2e@ning.com
7383,2023-03-16,21.67,lclutterham59@google.ca
7384,2025-12-24,51.91,dfosten2o@homestead.com
7385,2023-06-04,28.39,mgherardini19@rakuten.co.jp
7386,2025-08-31,81.95,ttrippack35@census.gov
7387,2024-01-02,15.07,vcowope5b@sbwire.com
7388,2025-10-25,89.94,aseargeant2b@psu.edu
7389,2024-06-02,73.42,wkellardb@time.com
7390,2021-08-26,60.51,abarrym@huffingtonpost.com
7391,2023-05-05,97.24,ebrownlea1y@businessweek.com
7392,2022-10-08,67.75,jjanicek4w@themeforest.net
7393,2022-09-28,42.86,awilkenson5h@bigcartel.com
7394,2024-01-28,66.01,oleneham56@amazon.co.uk
7395,2025-02-18,37.29,jbracchi45@skype.com
7396,2024-07-18,86.81,mskells1n@ifeng.com
7397,2021-06-12,74.98,fmansell5d@bloglovin.com
7398,2022-10-21,89.03,geastlake2u@friendfeed.com
7399,2025-05-21,82.36,gkeese1i@unesco.org
7400,2025-08-05,38.84,lmcnabb1@globo.com
7401,2021-01-11,7.61,dcarmichael4r@ucoz.ru
7402,2022-10-14,46.91,adugdale4f@vkontakte.ru
7403,2023-01-18,40.84,wkellardb@time.com
7404,2025-09-22,56.46,lraschd@myspace.com
7405,2022-11-16,82.31,mmurrish2m@squidoo.com
7406,2025-09-23,14.59,akorf4y@constantcontact.com
7407,2024-11-15,92.16,cbilham10@blog.com
7408,2025-06-11,86.03,awilkenson5h@bigcartel.com
7409,2022-10-10,99.58,talbarez36@indiatimes.com
7410,2021-05-09,45.3,mackerman47@indiatimes.com
7411,2024-08-18,75.36,htremmil4q@odnoklassniki.ru
7412,2024-02-05,16.0,mthompsett1j@nymag.com
7413,2023-03-23,75.2,bdobkin2a@loc.gov
7414,2023-03-05,78.0,kseery42@xinhuanet.com
7415,2025-11-04,29.75,mmewburnh@sogou.com
7416,2024-03-23,56.74,htremmil4q@odnoklassniki.ru
7417,2021-07-17,8.4,kreade53@apple.com
7418,2022-05-02,98.82,hsomertong@illinois.edu
7419,2023-07-15,61.21,mfarquhar3s@ehow.com
7420,2021-10-11,17.52,cmacgiollapheadaira@youku.com
7421,2021-07-30,9.25,twilgar3u@desdev.cn
7422,2021-01-12,95.22,jjanicek4w@themeforest.net
7423,2024-07-22,37.91,abird27@tmall.com
7424,2024-09-12,26.84,adugdale4f@vkontakte.ru
7425,2024-07-25,98.66,mcurd2p@sciencedirect.com
7426,2022-05-26,49.07,wcampe43@chron.com
7427,2023-11-20,83.03,crevington1w@google.com.hk
7428,2021-09-04,9.65,hfernyhough3n@google.es
7429,2021-11-17,15.31,myitzhakof1u@timesonline.co.uk
7430,2023-12-12,38.21,greedman18@google.com.au
7431,2024-07-28,52.01,mheistermann4o@smh.com.au
7432,2024-12-31,63.22,oleneham56@amazon.co.uk
7433,2023-07-25,26.5,cedmonston4t@sphinn.com
7434,2023-02-06,87.5,vroocrofte@sakura.ne.jp
7435,2025-12-24,73.53,glaweyl@jugem.jp
7436,2024-01-29,95.37,hcholmondeley1x@virginia.edu
7437,2025-06-28,82.44,mheistermann4o@smh.com.au
7438,2025-09-13,82.56,bcrevagh1o@wunderground.com
7439,2021-07-16,53.36,rabbess2e@ning.com
7440,2023-07-02,78.49,dsmalls4u@smh.com.au
7441,2024-06-13,9.87,kreade53@apple.com
7442,2022-08-05,80.26,bpass3y@bizjournals.com
7443,2022-10-19,47.56,fmansell5d@bloglovin.com
7444,2023-05-08,76.11,bsimmgen4a@privacy.gov.au
7445,2021-04-24,40.08,lclutterham59@google.ca
7446,2021-09-30,32.76,pmoxomz@sfgate.com
7447,2023-01-20,78.66,abird27@tmall.com
7448,2024-08-18,52.33,bdobkin2a@loc.gov
7449,2022-06-08,80.5,tcurreenj@studiopress.com
7450,2021-03-29,23.96,awilkenson5h@bigcartel.com
7451,2021-09-01,87.33,fmansell5d@bloglovin.com
7452,2023-07-10,60.41,irapaportk@yale.edu
7453,2024-06-12,42.69,vcowope5b@sbwire.com
7454,2023-02-17,52.5,aburnsall52@walmart.com
7455,2024-08-09,50.03,talbarez36@indiatimes.com
7456,2022-02-21,42.02,hhanner4n@dagondesign.com
7457,2022-04-05,61.85,jcrannis24@wsj.com
7458,2024-10-09,21.66,jjanicek4w@themeforest.net
7459,2022-12-19,73.41,myitzhakof1u@timesonline.co.uk
7460,2024-01-08,21.87,lkausche38@histats.com
7461,2021-09-26,81.14,ktregonings@shareasale.com
7462,2023-02-11,65.98,cedmonston4t@sphinn.com
7463,2021-02-18,6.01,jbamlet2x@smh.com.au
7464,2023-03-06,27.19,cveneur2d@intel.com
7465,2021-03-31,84.66,cpoleykett2w@usatoday.com
7466,2022-01-21,5.34,marmal1r@noaa.gov
7467,2022-08-22,32.67,istennes16@livejournal.com
7468,2024-05-25,28.73,klopes2i@soup.io
7469,2023-12-19,77.03,geastlake2u@friendfeed.com
7470,2024-12-26,34.33,chutchison40@digg.com
7471,2025-04-25,77.96,awilkenson5h@bigcartel.com
7472,2024-11-08,98.55,fscholey1z@dedecms.com
7473,2023-07-13,30.45,bsimmgen4a@privacy.gov.au
7474,2024-09-25,58.5,mackerman47@indiatimes.com
7475,2023-02-19,47.11,nodunniom3r@cloudflare.com
7476,2022-09-24,29.57,kdowd32@goodreads.com
7477,2023-01-12,20.7,cmeechan4k@usatoday.com
7478,2023-09-26,16.31,kbeecraft4b@flavors.me
7479,2025-04-02,78.49,eaubreyr@miitbeian.gov.cn
7480,2025-10-12,36.9,ebrownlea1y@businessweek.com
7481,2021-08-09,90.38,slawey7@g.co
7482,2021-09-30,53.12,jramage3j@ustream.tv
7483,2022-08-17,65.5,ktregonings@shareasale.com
7484,2023-06-01,33.47,gdorsayn@github.com
7485,2024-03-29,15.74,jbamlet2x@smh.com.au
7486,2022-02-25,91.41,fmansell5d@bloglovin.com
7487,2022-01-07,64.12,jjanicek4w@themeforest.net
7488,2025-10-11,23.44,ddemitris2h@illinois.edu
7489,2024-11-18,39.65,whardwicke4x@about.com
7490,2022-11-29,34.2,hcholmondeley1x@virginia.edu
7491,2025-03-29,49.06,bsimko13@cdc.gov
7492,2022-02-13,35.73,mthompsett1j@nymag.com
7493,2023-06-18,36.48,dfigure5e@list-manage.com
7494,2024-11-18,54.14,bcushionc@msn.com
7495,2021-03-30,71.88,acorson1p@hugedomains.com
7496,2022-08-12,10.25,cveneur2d@intel.com
7497,2022-12-17,66.36,bbargery5@alibaba.com
7498,2023-06-19,50.44,nfairy3a@ycombinator.com
7499,2022-06-13,29.46,dmynett1e@umn.edu
7500,2024-05-26,40.35,kdowd32@goodreads.com
7501,2025-03-15,38.49,dtowse6@hexun.com
7502,2023-05-24,90.24,renderle5c@ucla.edu
7503,2021-07-09,37.2,ttrippack35@census.gov
7504,2025-03-01,77.08,eaubreyr@miitbeian.gov.cn
7505,2023-07-28,80.0,tkarpfen3c@nhs.uk
7506,2022-09-24,28.39,cjacquet2r@addthis.com
7507,2022-10-02,54.25,lraschd@myspace.com
7508,2023-11-17,27.36,jjanicek4w@themeforest.net
7509,2025-02-10,45.02,ppasquale3l@pcworld.com
7510,2022-05-08,37.4,hdoughillw@ed.gov
7511,2021-09-02,42.66,mquinnell2f@state.tx.us
7512,2024-02-11,47.48,slindenberg1d@sciencedirect.com
7513,2021-07-01,92.18,nodunniom3r@cloudflare.com
7514,2023-09-25,7.24,lkausche38@histats.com
7515,2023-06-05,18.61,dnealand5g@merriam-webster.com
7516,2023-03-21,58.35,ahodgin51@jigsy.com
7517,2025-03-05,38.25,iolivazzi3f@delicious.com
7518,2024-01-09,82.09,lhincham4d@deviantart.com
7519,2025-05-11,66.91,lesplin5f@google.co.jp
7520,2021-10-15,56.5,cmartygin39@youtube.com
7521,2021-10-25,20.31,glaweyl@jugem.jp
7522,2022-02-15,90.93,vcowope5b@sbwire.com
7523,2022-02-19,38.81,acorson1p@hugedomains.com
7524,2024-10-13,82.05,lclutterham59@google.ca
7525,2021-05-23,12.09,bhillock49@amazon.co.uk
7526,2024-10-01,45.05,ppasquale3l@pcworld.com
7527,2024-12-03,79.06,klopes2i@soup.io
7528,2021-02-22,53.12,renderle5c@ucla.edu
7529,2024-05-23,99.19,lraschd@myspace.com
7530,2021-12-09,37.71,fscholey1z@dedecms.com
7531,2022-04-18,98.68,lokennedy2z@sfgate.com
7532,2022-04-22,67.1,jlegerton3m@washington.edu
7533,2023-07-09,82.45,bamyesf@etsy.com
7534,2022-03-20,57.81,cpoleykett2w@usatoday.com
7535,2022-07-04,58.99,lcecchiv@macromedia.com
7536,2024-04-05,93.78,jbracchi45@skype.com
7537,2022-03-09,97.59,bsimko13@cdc.gov
7538,2021-11-14,75.42,hyokelman1a@hubpages.com
7539,2022-06-23,88.44,cmeechan4k@usatoday.com
7540,2024-05-15,80.2,kcristofari44@lycos.com
7541,2023-04-17,20.02,slindenberg1d@sciencedirect.com
7542,2021-09-29,74.42,hfetterplace2v@phoca.cz
7543,2024-10-12,78.86,mfarquhar3s@ehow.com
7544,2025-02-10,98.31,pfolkerd4v@ow.ly
7545,2024-09-11,65.51,cveneur2d@intel.com
7546,2025-09-25,27.83,whardwicke4x@about.com
7547,2023-01-22,34.73,oleneham56@amazon.co.uk
7548,2024-12-22,15.44,agilvear33@hp.com
7549,2021-09-02,92.73,mmewburnh@sogou.com
7550,2025-10-25,48.73,myitzhakof1u@timesonline.co.uk
7551,2024-03-05,88.67,lokennedy2z@sfgate.com
7552,2025-09-09,30.93,vroocrofte@sakura.ne.jp
7553,2022-08-21,82.4,mskells1n@ifeng.com
7554,2021-05-03,76.44,vallanson20@webmd.com
7555,2025-08-23,89.19,kbeecraft4b@flavors.me
7556,2023-08-09,60.36,whardwicke4x@about.com
7557,2024-07-26,12.48,lroyds3k@harvard.edu
7558,2023-02-19,42.29,dmaddra41@cloudflare.com
7559,2022-01-20,43.45,akorf4y@constantcontact.com
7560,2021-08-06,85.1,dhair58@chronoengine.com
7561,2021-03-06,67.29,tcurreenj@studiopress.com
7562,2023-01-09,45.18,dcheson3p@instagram.com
7563,2021-06-30,18.06,cterzo5i@mashable.com
7564,2021-08-20,36.6,myitzhakof1u@timesonline.co.uk
7565,2025-08-24,52.97,glaweyl@jugem.jp
7566,2024-10-02,62.37,mgherardini19@rakuten.co.jp
7567,2022-01-02,86.19,ddemitris2h@illinois.edu
7568,2022-05-13,84.83,nbhar21@timesonline.co.uk
7569,2025-07-20,54.52,tneve1h@ca.gov
7570,2025-09-01,73.19,dtrippitt3t@phpbb.com
7571,2024-05-07,40.05,hdoughillw@ed.gov
7572,2024-12-27,35.06,dtrood29@businessinsider.com
7573,2023-08-11,69.69,gkeese1i@unesco.org
7574,2022-11-09,40.63,slawey7@g.co
7575,2023-04-02,13.12,vcowope5b@sbwire.com
7576,2021-03-23,20.31,pmoxomz@sfgate.com
7577,2023-06-09,6.25,cterzo5i@mashable.com
7578,2022-07-09,96.04,acorson1p@hugedomains.com
7579,2021-09-04,63.21,bmyton3g@house.gov
7580,2024-11-13,27.45,dkirkpatrickp@nationalgeographic.com
7581,2023-05-09,65.3,iolivazzi3f@delicious.com
7582,2025-10-16,41.23,adreamer26@eventbrite.com
7583,2025-11-29,38.15,klopes2i@soup.io
7584,2023-04-16,91.06,hfetterplace2v@phoca.cz
7585,2024-01-10,85.01,kstroyan2l@elegantthemes.com
7586,2024-05-27,18.3,bosharkey1q@miitbeian.gov.cn
7587,2024-08-28,5.99,bbargery5@alibaba.com
7588,2023-03-09,28.58,jjanicek4w@themeforest.net
7589,2025-10-10,51.96,cbilham10@blog.com
7590,2024-11-15,5.67,acramphorn12@parallels.com
7591,2024-01-19,17.76,eperot1b@youtu.be
7592,2025-12-09,96.72,getheridge2t@boston.com
7593,2023-10-18,85.37,mthompsett1j@nymag.com
7594,2024-05-31,53.74,lmcnabb1@globo.com
7595,2022-12-07,51.86,whardwicke4x@about.com
7596,2023-06-06,64.84,totierney14@stumbleupon.com
7597,2024-04-27,75.64,jbracchi45@skype.com
7598,2021-03-24,56.44,ltompkin3z@seattletimes.com
7599,2024-06-14,77.62,iolivazzi3f@delicious.com
7600,2025-01-08,69.55,acramphorn12@parallels.com
7601,2025-06-23,44.09,ihackin30@comcast.net
7602,2022-05-31,30.28,acundy3b@springer.com
7603,2023-09-28,82.0,nfairy3a@ycombinator.com
7604,2023-05-24,30.01,jramage3j@ustream.tv
7605,2022-06-21,15.72,kphetheanu@china.com.cn
7606,2022-06-18,40.34,mfarquhar3s@ehow.com
7607,2025-10-26,79.02,bmyton3g@house.gov
7608,2023-05-23,20.67,akorf4y@constantcontact.com
7609,2025-02-02,40.64,lcecchiv@macromedia.com
7610,2025-01-06,41.67,ddoman2n@skype.com
7611,2021-08-25,33.93,awilkenson5h@bigcartel.com
7612,2022-01-20,93.38,lflieg1v@linkedin.com
7613,2024-06-12,54.56,rmorhalli@merriam-webster.com
7614,2024-07-12,36.83,vcowope5b@sbwire.com
7615,2021-05-27,86.04,jramage3j@ustream.tv
7616,2022-10-12,71.15,greedman18@google.com.au
7617,2023-06-25,11.38,cgoldstraw46@dailymotion.com
7618,2024-05-18,65.76,nbhar21@timesonline.co.uk
7619,2021-01-19,73.55,tcurreenj@studiopress.com
7620,2024-10-27,86.12,hlandy1t@uiuc.edu
7621,2025-04-02,66.57,qrenshaw3d@homestead.com
7622,2021-07-18,87.69,nbhar21@timesonline.co.uk
7623,2025-10-11,24.87,bknotton22@list-manage.com
7624,2025-10-09,41.88,dtowse6@hexun.com
7625,2021-08-15,76.3,lhincham4d@deviantart.com
7626,2025-06-02,12.87,geastlake2u@friendfeed.com
7627,2025-09-03,42.55,tducarme23@lycos.com
7628,2025-05-22,63.63,dhair58@chronoengine.com
7629,2022-11-03,18.65,rbougourd3q@tmall.com
7630,2023-07-31,96.32,pfolkerd4v@ow.ly
7631,2023-10-09,15.63,jramage3j@ustream.tv
7632,2021-07-21,69.08,qmacmaster2s@themeforest.net
7633,2021-04-24,95.14,jjanicek4w@themeforest.net
7634,2022-07-25,90.56,nfairy3a@ycombinator.com
7635,2023-11-09,18.94,dhair58@chronoengine.com
7636,2021-01-01,92.25,dshevlaneq@ning.com
7637,2022-11-15,74.98,cmeechan4k@usatoday.com
7638,2021-02-24,94.67,cpoleykett2w@usatoday.com
7639,2021-07-18,30.62,dtrippitt3t@phpbb.com
7640,2025-10-11,74.76,renderle5c@ucla.edu
7641,2025-10-11,33.88,osaenz8@nytimes.com
7642,2025-12-29,22.88,rmorhalli@merriam-webster.com
7643,2024-02-21,33.0,bamyesf@etsy.com
7644,2024-08-28,93.04,slindenberg1d@sciencedirect.com
7645,2023-11-13,8.95,jedmansx@mtv.com
7646,2024-09-02,89.79,getheridge2t@boston.com
7647,2023-03-13,17.82,mcurd2p@sciencedirect.com
7648,2021-03-25,50.7,cmcamish34@phpbb.com
7649,2024-07-08,5.52,nfairy3a@ycombinator.com
7650,2025-03-25,79.13,kdowd32@goodreads.com
7651,2021-09-02,93.6,abird27@tmall.com
7652,2022-10-31,47.24,bsimko13@cdc.gov
7653,2021-03-03,96.05,kohenery4h@admin.ch
7654,2025-07-07,28.12,jbracchi45@skype.com
7655,2025-11-01,13.37,lesplin5f@google.co.jp
7656,2023-08-09,56.3,tstennett54@networkadvertising.org
7657,2021-11-16,38.89,nhalpen1l@phoca.cz
7658,2023-11-27,51.11,dfosten2o@homestead.com
7659,2021-03-01,71.81,nhalpen1l@phoca.cz
7660,2024-10-13,21.38,ltompkin3z@seattletimes.com
7661,2025-11-07,76.43,greedman18@google.com.au
7662,2023-09-12,9.37,lmcnabb1@globo.com
7663,2025-10-14,25.5,cvero4p@paginegialle.it
7664,2021-05-02,13.82,adreamer26@eventbrite.com
7665,2024-05-22,88.57,bsimko13@cdc.gov
7666,2025-06-05,56.14,ktregonings@shareasale.com
7667,2025-05-31,92.31,bosharkey1q@miitbeian.gov.cn
7668,2021-02-05,67.25,hcholmondeley1x@virginia.edu
7669,2024-12-08,37.68,totierney14@stumbleupon.com
7670,2022-11-19,93.0,hhanner4n@dagondesign.com
7671,2023-07-28,35.85,cmacgiollapheadaira@youku.com
7672,2022-04-17,21.78,jferriman2q@tumblr.com
7673,2021-10-17,23.3,rmorhalli@merriam-webster.com
7674,2023-06-04,94.61,mbattaille3x@newyorker.com
7675,2024-06-10,14.18,getheridge2t@boston.com
7676,2024-03-20,98.32,dfigure5e@list-manage.com
7677,2021-03-23,64.13,dtrippitt3t@phpbb.com
7678,2021-11-06,95.18,cmeechan4k@usatoday.com
7679,2023-05-27,49.12,gspires4g@timesonline.co.uk
7680,2022-10-10,93.96,jedmansx@mtv.com
7681,2023-08-20,38.87,tpritchard3w@ebay.co.uk
7682,2025-11-13,50.44,cmeechan4k@usatoday.com
7683,2022-12-23,21.61,ltompkin3z@seattletimes.com
7684,2024-06-15,72.53,jramage3j@ustream.tv
7685,2023-02-03,62.75,htremmil4q@odnoklassniki.ru
7686,2025-11-08,99.91,lflieg1v@linkedin.com
7687,2024-11-17,20.96,smaisey1c@macromedia.com
7688,2022-10-02,13.38,myitzhakof1u@timesonline.co.uk
7689,2024-03-01,57.83,cveneur2d@intel.com
7690,2025-04-02,80.11,smaisey1c@macromedia.com
7691,2021-08-30,5.52,ebrownlea1y@businessweek.com
7692,2021-08-11,94.44,cbilham10@blog.com
7693,2024-07-15,5.21,lclutterham59@google.ca
7694,2023-10-05,24.97,rschrader3e@ihg.com
7695,2023-04-20,81.63,tpritchard3w@ebay.co.uk
7696,2025-04-06,45.22,bosharkey1q@miitbeian.gov.cn
7697,2022-08-31,58.05,mackerman47@indiatimes.com
7698,2025-04-23,89.89,cmacgiollapheadaira@youku.com
7699,2025-11-06,57.95,cmacgiollapheadaira@youku.com
7700,2023-10-25,80.64,sgateley2@aboutads.info
7701,2024-04-16,33.15,qmacmaster2s@themeforest.net
7702,2023-01-07,67.49,psavory2y@paginegialle.it
7703,2025-05-27,10.78,sgateley2@aboutads.info
7704,2023-06-28,25.42,fmansell5d@bloglovin.com
7705,2022-01-18,15.99,lfelce50@uiuc.edu
7706,2023-07-31,7.17,irapaportk@yale.edu
7707,2024-07-23,48.52,nodunniom3r@cloudflare.com
7708,2024-01-12,87.29,dhair58@chronoengine.com
7709,2024-04-18,69.73,bpass3y@bizjournals.com
7710,2021-04-12,90.17,lflieg1v@linkedin.com
7711,2025-04-27,48.99,lhincham4d@deviantart.com
7712,2022-06-15,43.85,fmansell5d@bloglovin.com
7713,2024-03-29,43.41,mgherardini19@rakuten.co.jp
7714,2025-06-27,25.44,pmoxomz@sfgate.com
7715,2021-08-11,65.83,kphetheanu@china.com.cn
7716,2022-09-22,62.93,nhalpen1l@phoca.cz
7717,2022-05-07,9.87,htremmil4q@odnoklassniki.ru
7718,2023-12-18,90.7,mthompsett1j@nymag.com
7719,2021-04-18,70.39,lroyds3k@harvard.edu
7720,2022-05-13,19.5,dcarmichael4r@ucoz.ru
7721,2025-05-06,46.29,tpritchard3w@ebay.co.uk
7722,2024-04-18,7.91,smaisey1c@macromedia.com
7723,2024-02-09,12.67,gkeese1i@unesco.org
7724,2021-01-07,54.08,mmurrish2m@squidoo.com
7725,2021-08-13,79.51,kstroyan2l@elegantthemes.com
7726,2025-06-03,22.93,jramage3j@ustream.tv
7727,2021-10-15,50.63,aseargeant2b@psu.edu
7728,2021-12-29,85.26,gspires4g@timesonline.co.uk
7729,2024-09-02,37.04,qrenshaw3d@homestead.com
7730,2024-10-11,26.74,agilvear33@hp.com
7731,2025-11-06,32.34,lmolan4e@dyndns.org
7732,2022-10-14,40.82,ihackin30@comcast.net
7733,2025-01-28,85.14,fdayment1g@booking.com
7734,2023-01-26,19.51,kphetheanu@china.com.cn
7735,2022-03-15,10.86,gbarrows17@aboutads.info
7736,2023-02-20,93.08,dfigure5e@list-manage.com
7737,2025-05-29,18.3,talbarez36@indiatimes.com
7738,2025-07-07,16.07,nhalpen1l@phoca.cz
7739,2021-12-30,23.26,rmorhalli@merriam-webster.com
7740,2022-09-07,13.22,cmartygin39@youtube.com
7741,2022-12-19,74.72,dfosten2o@homestead.com
7742,2025-12-10,72.03,rabbess2e@ning.com
7743,2021-11-19,84.47,agilvear33@hp.com
7744,2021-10-21,9.28,mmurrish2m@squidoo.com
7745,2025-04-23,58.02,greedman18@google.com.au
7746,2022-10-12,35.17,tkarpfen3c@nhs.uk
7747,2021-09-06,91.47,cfautley1k@msu.edu
7748,2025-12-20,13.46,cmeechan4k@usatoday.com
7749,2023-02-01,9.4,kcrisford4l@latimes.com
7750,2024-11-22,47.38,dcarmichael4r@ucoz.ru
7751,2022-03-17,36.31,cgoldstraw46@dailymotion.com
7752,2022-10-20,44.29,marmal1r@noaa.gov
7753,2021-01-19,75.97,tducarme23@lycos.com
7754,2022-02-18,34.01,bknotton22@list-manage.com
7755,2023-08-10,63.73,qmacmaster2s@themeforest.net
7756,2022-10-17,34.51,jferriman2q@tumblr.com
7757,2024-01-11,55.94,bmyton3g@house.gov
7758,2023-08-27,86.69,lokennedy2z@sfgate.com
7759,2023-11-12,87.42,cmcamish34@phpbb.com
7760,2025-11-29,96.39,klekeux57@issuu.com
7761,2024-12-14,96.11,vcowope5b@sbwire.com
7762,2024-10-04,40.88,hfetterplace2v@phoca.cz
7763,2022-07-19,17.62,dtowse6@hexun.com
7764,2025-05-15,68.82,ahodgin51@jigsy.com
7765,2023-06-03,51.33,ddoman2n@skype.com
7766,2023-05-20,7.27,mskells1n@ifeng.com
7767,2023-03-30,90.41,hlandy1t@uiuc.edu
7768,2021-06-22,64.59,lraschd@myspace.com
7769,2023-05-25,97.29,hfetterplace2v@phoca.cz
7770,2025-06-17,10.6,kbeecraft4b@flavors.me
7771,2023-11-02,48.17,asturges55@studiopress.com
7772,2024-11-23,75.63,lmolan4e@dyndns.org
7773,2022-03-13,30.97,bcrevagh1o@wunderground.com
7774,2023-03-09,75.2,ddemitris2h@illinois.edu
7775,2021-12-27,32.86,cbilham10@blog.com
7776,2022-09-20,67.99,lokennedy2z@sfgate.com
7777,2021-08-21,59.46,irapaportk@yale.edu
7778,2021-02-03,83.59,qrenshaw3d@homestead.com
7779,2022-09-02,91.53,adugdale4f@vkontakte.ru
7780,2023-07-17,99.82,bhillock49@amazon.co.uk
7781,2021-04-17,53.15,tstennett54@networkadvertising.org
7782,2024-11-25,80.19,pmoxomz@sfgate.com
7783,2025-02-06,45.51,bknotton22@list-manage.com
7784,2022-05-16,41.7,oleneham56@amazon.co.uk
7785,2023-11-02,26.21,rschrader3e@ihg.com
7786,2023-10-07,32.2,dolyunin9@webeden.co.uk
7787,2021-07-05,62.46,jferriman2q@tumblr.com
7788,2024-06-13,15.41,nbhar21@timesonline.co.uk
7789,2025-12-06,34.32,adreamer26@eventbrite.com
7790,2024-08-10,81.76,tducarme23@lycos.com
7791,2021-04-23,32.26,gdayer4m@arstechnica.com
7792,2021-11-25,54.34,rabbess2e@ning.com
7793,2023-09-02,24.47,bhillock49@amazon.co.uk
7794,2023-02-02,28.72,lmcnabb1@globo.com
7795,2022-03-02,44.89,vroocrofte@sakura.ne.jp
7796,2021-08-23,27.84,cmcamish34@phpbb.com
7797,2023-02-07,47.61,cgoldstraw46@dailymotion.com
7798,2022-06-08,28.66,hlandy1t@uiuc.edu
7799,2021-12-26,93.2,ybelderfield48@hao123.com
7800,2021-11-04,87.48,abarrym@huffingtonpost.com
7801,2025-05-20,86.85,eaubreyr@miitbeian.gov.cn
7802,2023-06-20,69.36,bsimko13@cdc.gov
7803,2024-08-06,70.4,myitzhakof1u@timesonline.co.uk
7804,2021-02-05,48.73,qrenshaw3d@homestead.com
7805,2024-08-09,59.64,renderle5c@ucla.edu
7806,2025-04-08,53.49,jramage3j@ustream.tv
7807,2021-07-07,19.15,kspada4j@latimes.com
7808,2024-04-03,41.8,gseid4z@webs.com
7809,2023-06-30,32.26,rbougourd3q@tmall.com
7810,2022-05-26,16.39,abird27@tmall.com
7811,2023-03-11,24.31,ybelderfield48@hao123.com
7812,2022-04-14,87.23,ihackin30@comcast.net
7813,2022-01-15,35.04,kjantety@shop-pro.jp
7814,2022-10-22,39.65,kspada4j@latimes.com
7815,2023-11-11,80.45,qrenshaw3d@homestead.com
7816,2023-04-23,11.09,nhalpen1l@phoca.cz
7817,2023-04-01,71.45,bcushionc@msn.com
7818,2021-08-06,95.39,dtrood29@businessinsider.com
7819,2021-10-31,61.51,fmansell5d@bloglovin.com
7820,2025-11-20,51.78,pfolkerd4v@ow.ly
7821,2022-02-04,52.1,lesplin5f@google.co.jp
7822,2023-08-28,19.48,ggercken1m@tmall.com
7823,2021-12-14,18.5,tcurreenj@studiopress.com
7824,2025-05-27,54.86,dhaggish25@biblegateway.com
7825,2025-11-14,34.05,mquinnell2f@state.tx.us
7826,2025-07-20,7.92,cbilham10@blog.com
7827,2021-10-13,91.26,lcecchiv@macromedia.com
7828,2021-03-12,86.87,hyokelman1a@hubpages.com
7829,2023-12-09,67.91,talbarez36@indiatimes.com
7830,2022-05-13,69.84,pfolkerd4v@ow.ly
7831,2024-06-16,15.09,dcheson3p@instagram.com
7832,2021-11-11,25.04,wcampe43@chron.com
7833,2021-06-16,24.94,ihackin30@comcast.net
7834,2021-05-11,38.77,smaisey1c@macromedia.com
7835,2021-09-26,78.63,mrenzo3i@nature.com
7836,2021-05-16,93.54,bcushionc@msn.com
7837,2023-06-13,84.58,wkellardb@time.com
7838,2025-07-22,85.72,acundy3b@springer.com
7839,2021-11-18,9.93,wscully5j@un.org
7840,2024-10-07,12.73,kohenery4h@admin.ch
7841,2022-09-16,13.78,ihackin30@comcast.net
7842,2022-06-05,87.71,chutchison40@digg.com
7843,2025-07-14,79.17,wkellardb@time.com
7844,2025-09-28,24.81,lhincham4d@deviantart.com
7845,2021-12-21,99.95,lesplin5f@google.co.jp
7846,2023-08-09,91.6,istennes16@livejournal.com
7847,2023-03-30,31.75,dmaddra41@cloudflare.com
7848,2024-03-25,7.48,gworsell2g@umich.edu
7849,2023-01-22,41.7,smaisey1c@macromedia.com
7850,2023-08-30,47.21,lesplin5f@google.co.jp
7851,2025-02-21,93.84,rbougourd3q@tmall.com
7852,2022-10-13,59.3,kdowd32@goodreads.com
7853,2023-06-11,9.32,whardwicke4x@about.com
7854,2021-11-23,82.55,mheistermann4o@smh.com.au
7855,2023-07-02,95.42,osaenz8@nytimes.com
7856,2023-07-12,30.69,wcampe43@chron.com
7857,2025-09-17,32.74,fscholey1z@dedecms.com
7858,2021-01-15,62.58,abird27@tmall.com
7859,2023-08-06,74.26,vroocrofte@sakura.ne.jp
7860,2025-08-13,51.0,hcholmondeley1x@virginia.edu
7861,2025-01-29,53.75,wscully5j@un.org
7862,2025-04-27,36.58,ddemitris2h@illinois.edu
7863,2022-04-14,44.75,cpoleykett2w@usatoday.com
7864,2021-12-06,79.23,cveneur2d@intel.com
7865,2021-06-24,93.55,mskells1n@ifeng.com
7866,2022-09-13,47.55,chutchison40@digg.com
7867,2024-03-19,53.07,fdayment1g@booking.com
7868,2023-08-18,84.51,kcristofari44@lycos.com
7869,2022-06-27,71.28,cmacgiollapheadaira@youku.com
7870,2025-11-29,59.13,sgateley2@aboutads.info
7871,2024-11-24,23.29,crevington1w@google.com.hk
7872,2022-01-01,6.42,psavory2y@paginegialle.it
7873,2022-12-04,49.1,hhanner4n@dagondesign.com
7874,2023-12-09,62.87,dtowse6@hexun.com
7875,2023-07-21,32.62,cjacquet2r@addthis.com
7876,2024-05-09,64.47,nfairy3a@ycombinator.com
7877,2025-02-08,74.7,smaisey1c@macromedia.com
7878,2024-05-02,93.17,kspada4j@latimes.com
7879,2024-07-27,8.85,dtowse6@hexun.com
7880,2022-06-13,88.48,hhanner4n@dagondesign.com
7881,2025-11-03,15.03,bsimko13@cdc.gov
7882,2022-05-01,45.78,adugdale4f@vkontakte.ru
7883,2022-08-31,17.99,whardwicke4x@about.com
7884,2024-11-21,33.0,dcheson3p@instagram.com
7885,2024-08-10,85.46,dtowse6@hexun.com
7886,2024-07-28,77.19,lclutterham59@google.ca
7887,2025-05-19,96.53,acorson1p@hugedomains.com
7888,2021-06-07,15.36,whardwicke4x@about.com
7889,2023-06-01,32.15,tpritchard3w@ebay.co.uk
7890,2023-02-04,40.45,bsimko13@cdc.gov
7891,2022-01-03,93.57,tneve1h@ca.gov
7892,2021-04-01,93.26,lmcnabb1@globo.com
7893,2021-11-13,90.71,aburnsall52@walmart.com
7894,2022-07-05,62.44,hfernyhough3n@google.es
7895,2021-06-24,34.46,tkarpfen3c@nhs.uk
7896,2022-11-17,90.1,hfetterplace2v@phoca.cz
7897,2025-06-21,11.59,lroyds3k@harvard.edu
7898,2022-01-16,32.18,gdayer4m@arstechnica.com
7899,2023-12-26,28.62,tducarme23@lycos.com
7900,2024-11-30,85.44,wkellardb@time.com
7901,2024-09-07,17.39,jjanicek4w@themeforest.net
7902,2025-09-10,54.69,kspada4j@latimes.com
7903,2023-06-30,30.13,dtrippitt3t@phpbb.com
7904,2022-06-18,56.75,lesplin5f@google.co.jp
7905,2022-01-05,42.23,slawey7@g.co
7906,2021-09-26,49.82,vallanson20@webmd.com
7907,2024-09-30,90.49,bpass3y@bizjournals.com
7908,2023-10-11,89.01,kbeecraft4b@flavors.me
7909,2021-08-22,6.95,slawey7@g.co
7910,2024-07-03,15.29,ttrippack35@census.gov
7911,2024-08-06,17.13,bamyesf@etsy.com
7912,2025-07-19,15.05,ryankint@webs.com
7913,2025-12-18,54.83,hfernyhough3n@google.es
7914,2023-09-10,30.0,slindenberg1d@sciencedirect.com
7915,2025-12-10,81.89,ybelderfield48@hao123.com
7916,2024-10-07,68.57,tkarpfen3c@nhs.uk
7917,2024-06-11,34.99,dmynett1e@umn.edu
7918,2025-10-13,50.34,abird27@tmall.com
7919,2023-12-03,13.47,lmcnabb1@globo.com
7920,2023-07-07,16.99,tducarme23@lycos.com
7921,2025-07-13,21.59,abird27@tmall.com
7922,2023-11-25,29.02,jbracchi45@skype.com
7923,2025-04-15,77.97,cvero4p@paginegialle.it
7924,2023-02-22,66.93,ngregorowicz2c@google.ru
7925,2024-03-24,90.21,avanderplas15@geocities.jp
7926,2022-03-10,21.73,vroocrofte@sakura.ne.jp
7927,2023-06-23,98.02,ncoyneo@eventbrite.com
7928,2023-12-19,76.88,lraschd@myspace.com
7929,2025-03-09,60.1,ggercken1m@tmall.com
7930,2021-03-07,36.18,ehucker3v@meetup.com
7931,2024-03-28,55.3,slindenberg1d@sciencedirect.com
7932,2024-05-03,82.39,bdobkin2a@loc.gov
7933,2024-02-22,76.19,cmeechan4k@usatoday.com
7934,2024-05-20,11.81,agilvear33@hp.com
7935,2022-02-14,57.88,cmcamish34@phpbb.com
7936,2022-01-15,99.4,adreamer26@eventbrite.com
7937,2021-01-01,13.66,kstroyan2l@elegantthemes.com
7938,2021-09-02,13.27,hfernyhough3n@google.es
7939,2024-10-02,10.52,mackerman47@indiatimes.com
7940,2021-01-09,22.79,getheridge2t@boston.com
7941,2021-10-08,79.04,bsimko13@cdc.gov
7942,2023-09-07,62.14,mmewburnh@sogou.com
7943,2024-08-03,41.63,eperot1b@youtu.be
7944,2025-12-10,25.56,lclutterham59@google.ca
7945,2025-08-04,78.24,fscholey1z@dedecms.com
7946,2022-01-15,20.95,slawey7@g.co
7947,2021-12-01,61.3,mcurd2p@sciencedirect.com
7948,2023-05-22,18.88,dnealand5g@merriam-webster.com
7949,2024-12-29,73.51,cedmonston4t@sphinn.com
7950,2023-04-30,60.5,ddoman2n@skype.com
7951,2022-07-08,55.07,dhaggish25@biblegateway.com
7952,2021-07-08,13.28,ybelderfield48@hao123.com
7953,2025-11-14,98.62,qmacmaster2s@themeforest.net
7954,2022-11-24,30.39,bcrevagh1o@wunderground.com
7955,2024-03-09,69.06,aseargeant2b@psu.edu
7956,2023-03-17,31.31,adugdale4f@vkontakte.ru
7957,2021-03-04,62.29,dnealand5g@merriam-webster.com
7958,2025-10-17,14.66,tducarme23@lycos.com
7959,2024-02-25,39.98,lkausche38@histats.com
7960,2024-11-20,40.18,qrenshaw3d@homestead.com
7961,2024-01-15,96.11,gkeese1i@unesco.org
7962,2024-02-20,54.81,kspada4j@latimes.com
7963,2023-02-01,23.52,slawey7@g.co
7964,2025-07-02,61.63,tneve1h@ca.gov
7965,2024-05-29,73.45,ladams37@intel.com
7966,2021-07-09,27.75,vcowope5b@sbwire.com
7967,2024-10-19,5.73,sgood4i@t-online.de
7968,2022-10-04,45.88,whardwicke4x@about.com
7969,2022-02-15,31.09,kbeecraft4b@flavors.me
7970,2022-11-12,47.15,dnealand5g@merriam-webster.com
7971,2022-12-10,73.88,bcushionc@msn.com
7972,2023-11-04,55.19,lcecchiv@macromedia.com
7973,2021-10-07,35.72,fmansell5d@bloglovin.com
7974,2023-02-10,44.78,dfosten2o@homestead.com
7975,2025-02-02,92.66,cedmonston4t@sphinn.com
7976,2025-03-07,24.17,beacle4s@trellian.com
7977,2025-03-08,55.68,bbargery5@alibaba.com
7978,2022-11-09,61.71,qrenshaw3d@homestead.com
7979,2025-09-12,81.53,gfuidge3o@ustream.tv
7980,2024-02-25,94.19,dmynett1e@umn.edu
7981,2023-12-06,92.96,fmansell5d@bloglovin.com
7982,2022-06-30,94.44,lcecchiv@macromedia.com
7983,2021-09-16,53.86,mackerman47@indiatimes.com
7984,2022-05-24,87.48,ltompkin3z@seattletimes.com
7985,2024-07-03,91.65,dfigure5e@list-manage.com
7986,2024-09-12,27.7,lesplin5f@google.co.jp
7987,2021-05-22,81.34,hlandy1t@uiuc.edu
7988,2024-02-14,44.78,vroocrofte@sakura.ne.jp
7989,2021-04-11,24.01,nodunniom3r@cloudflare.com
7990,2021-12-06,72.4,adreamer26@eventbrite.com
7991,2021-01-11,57.44,tpavett1s@narod.ru
7992,2025-08-28,10.08,hcholmondeley1x@virginia.edu
7993,2025-11-01,31.77,cvitet2k@pinterest.com
7994,2022-02-04,97.98,bsimmgen4a@privacy.gov.au
7995,2021-08-26,95.73,dhair58@chronoengine.com
7996,2021-10-29,41.24,nhalpen1l@phoca.cz
7997,2023-10-27,97.2,hhanner4n@dagondesign.com
7998,2022-12-16,23.24,jferriman2q@tumblr.com
7999,2024-06-23,92.54,iolivazzi3f@delicious.com
8000,2023-11-06,63.35,dmaddra41@cloudflare.com