email,password,username,date_birth,status
hausten0@newsvine.com,$2a$04$frmoMLnR0k1.f1cXv8S/juJ.IHPvajvhXXD/.h7Q7BBqACOV1HqVu,dwandless0,2023-02-23,VIP
lmcnabb1@globo.com,$2a$04$7bDs1euayLbgvnbk7.h7JOFbgNhXJcSCdsjZpKwwwuxGMda5r6qmC,alound1,2023-03-24,VIP
sgateley2@aboutads.info,$2a$04$xPqtuz5KxHHMJiXi.aLov.Q6xglqyzDRN8.3ZQb2W/yy4RI/PPi0e,mmeehan2,2022-12-29,Not VIP
jbrandino3@hud.gov,$2a$04$srntzGvl2HxQ2yfFPcZ2tu8mtQ//3hunmvbaGH7qQBwZgt64IN2R6,atorregiani3,2023-01-06,VIP
ckenneway4@mapy.cz,$2a$04$MzK.Lj2MgsX9DsvaQ0nSHeYNV6N68f9fPRnBixeO8NzDEKMsx67iq,kimore4,2023-05-05,VIP
bbargery5@alibaba.com,$2a$04$LwoXIB7lHvTK7Gwlb/09jOcAaFXLM1JkP0x8HftXj5Z4oP1L2rF4i,ewadwell5,2022-12-28,Not VIP
dtowse6@hexun.com,$2a$04$sTIblFaE7oLQDUw11I9NEOOC3kZYq8ug7QThkgs3Nln/fHIQZ0owa,mallsobrook6,2023-07-23,VIP
slawey7@g.co,$2a$04$YsB/n3XcKPVT1SwlVdE5VOScmhuCMU1Xp.ynE.J..eJhJVYyw02MW,kfripp7,2023-03-16,Not VIP
osaenz8@nytimes.com,$2a$04$fBl4nLXV8iD5lr//ZSYKb.gZsIcfLnVRiPaZmbFNICKARKcr8g646,tablitt8,2023-02-02,Not VIP
dolyunin9@webeden.co.uk,$2a$04$x4w3YHI760bSPE0cND.ukOmnDN4qUl7e9Zb53mMfKX/Hj.gQ12ppy,mtomsu9,2023-02-24,VIP
cmacgiollapheadaira@youku.com,$2a$04$VHdQ.LkNaTw6CKDT/k60/uTGblhFMJ/4cl7P9//kJ27Y31ZMPJz5O,amarqueta,2023-02-04,Not VIP
wkellardb@time.com,$2a$04$A2NVSbWsWBtINgC05ZxdAeUQ6QIGu61/O3qbeNyDBrXcwmIWHzmEO,cdulwitchb,2023-04-02,Not VIP
bcushionc@msn.com,$2a$04$YvplpJOJqnl5og7//lnpde2jwpGlc5NEyFwLQA6SBlu3Aa4VM0U6e,rspencookc,2022-11-19,Not VIP
lraschd@myspace.com,$2a$04$m/T6GoKoP35M8Qvc7LyL.eMyT.FQsZqqMGE5cbfwxOQZstS7CZpwS,bbuckmasterd,2022-12-30,VIP
vroocrofte@sakura.ne.jp,$2a$04$dvq9/Hh9cCJbrGpDUYgFSeAj.g6ElLLTRIsHGSanjCDwPL3p4jxqO,dsandwiche,2023-01-13,Not VIP
bamyesf@etsy.com,$2a$04$WTjvsX1PEyxv9NEYUAdokubbyx70pvGH5gqslgBKfA9cL/ljATpjW,nmullinf,2023-10-13,VIP
hsomertong@illinois.edu,$2a$04$sBYkrWoIzfTfLLzusgXEhe/PIq8229J2VH.h/CcroTaltRBMDoy2.,mstopherg,2023-07-31,Not VIP
mmewburnh@sogou.com,$2a$04$cSJaFKFCDUUIOXC/kq6s2.fga5Z9MYf42wvLwuuRg0D.cxrmM3Vzq,mwoosterh,2023-05-27,Not VIP
rmorhalli@merriam-webster.com,$2a$04$bMR4yjxuzoSnKxqhcHS8EeGsdYUykX.6290WcwZmdHueu7n/V8dRS,lhenzei,2023-09-05,VIP
tcurreenj@studiopress.com,$2a$04$Iy4JWFy3lZnY5tKOS.86Y.ewlwn2y3R89QCJVkcQUubMpiBZmVKWi,fbohillsj,2023-10-09,Not VIP
irapaportk@yale.edu,$2a$04$Sbg2ZVOw/0v4ViX4UJjQVuDOg.b2MAzk1oeHf5sc7IWdctp2jjIfS,ddaishk,2023-06-28,VIP
glaweyl@jugem.jp,$2a$04$yZQ3vCAqaLtH1QlJm9i.qu3hJixBz7bxaUxY5/fm.QQ7Y2geEWnuq,jpimblottl,2023-07-16,VIP
abarrym@huffingtonpost.com,$2a$04$aXjRc8hl8xUcm9b/xAvPXuoFe07goDQ7oEYZ76ypeQRpdLtyou.vW,cmatzkem,2023-04-30,Not VIP
gdorsayn@github.com,$2a$04$d3Rxn8bv13XqKJ7VR6JbOuvvnJ8wbXBMxDONrQUUhTEIZB2TWoTSC,atimminsn,2023-04-16,Not VIP
ncoyneo@eventbrite.com,$2a$04$N6PvD23NlemLGNA9BY3.j.Zf5XiphZq7VZ1wvw0VsK77L4ype.lOK,aspracklingo,2022-12-05,VIP
dkirkpatrickp@nationalgeographic.com,$2a$04$OxFi8qYLzBmMeC1zyBE.GuZhz15AReSTczqsNaQtqi7KT8XMOPrMO,acermanp,2023-03-26,Not VIP
dshevlaneq@ning.com,$2a$04$VSEv5TEp99K55JwKYoBwk.622gt1q.Te6QYFX3EL/.SgCRt3kLhqi,ksackesq,2023-03-17,Not VIP
eaubreyr@miitbeian.gov.cn,$2a$04$kKS6VgmksqTvcitogQ38H.0Y8iSpxNKC9hVv55bngzoPoO3z7ae3i,rdowryr,2023-07-14,VIP
ktregonings@shareasale.com,$2a$04$bEsp4MMk1eL1By.2hnY/VeU0oBkvnI072nlldiZj6Hvd5xhvl6Xei,atrotmans,2023-01-25,Not VIP
ryankint@webs.com,$2a$04$eof.IQMJvWWKCt8hqMOT8eq/NVTI2Zv4SnNPpYr4KXZeVsUOj./kC,flugardt,2022-11-27,VIP
kphetheanu@china.com.cn,$2a$04$K0IxRn29/GOV1kJ4TtZhVe5lSC/yxUco1GW43rJOMbej7OGVCHwli,abasiliu,2023-08-02,VIP
lcecchiv@macromedia.com,$2a$04$YCUSa0MbwdSjg8lxJs8FxOe9DqjjjhTPXA1BLUG0863wyZ4GtXGMq,hvoadenv,2023-01-25,Not VIP
hdoughillw@ed.gov,$2a$04$fkzCWAUc2t038wgGZmXBv.Y53QDqUbqHClvLtezGxhVJpYqDZKwta,hlavensw,2023-07-27,VIP
jedmansx@mtv.com,$2a$04$tbti2HqaX9fhGkCNVItXKe3nypSiyRB91hFhGja.pUlD8S3WFDDbK,ghaggartyx,2023-06-26,Not VIP
kjantety@shop-pro.jp,$2a$04$/AWchwlhUpJRZmSaRSRInOtBAydmpINZMB0sS7W4/uKDvoPoOfNvO,halesiy,2023-09-03,Not VIP
pmoxomz@sfgate.com,$2a$04$ZRGQ8oSGXPu5JK.aY.scY.Ibh9Q1lOX5mwTx94XnzkG1M9SSWdlSS,yhusselbeez,2023-02-03,Not VIP
cbilham10@blog.com,$2a$04$DkvBNwTASIbOm8pLBCCO2.2p5/5mHIeLHlYD611Ortg/9.ZO9hHCu,bdargie10,2023-06-21,VIP
ttease11@mysql.com,$2a$04$r0cWOOFMhjb8xvXysXxZzulZ1qh/u8H4kz/bUyyIrJPBNREXGfSvG,lboissieux11,2023-10-23,VIP
acramphorn12@parallels.com,$2a$04$r59OUMLqRcb/v/bxcZevWOToV2b2uDjAqIgcCtYR08nQeLkZVk3Hm,kspohrmann12,2023-02-06,VIP
bsimko13@cdc.gov,$2a$04$ih4759rYAxUEk4fDId2e6e4UzADMawQWQG0DRAzlhnlD03SkKFzd6,aroselli13,2023-06-17,VIP
totierney14@stumbleupon.com,$2a$04$j0lYVRGM.3DQeTHFrsWHLe4BLhpDs/vRVSHbL4BhVCxHGlLa17Y4W,cmckimmie14,2023-10-30,VIP
avanderplas15@geocities.jp,$2a$04$8NsM7cjl/dg4u1NnfU7ur.Z1oESgLmtDOYPPgD2093cTcFpFQH3oi,fnassy15,2023-04-27,Not VIP
istennes16@livejournal.com,$2a$04$uy1/Xn8Z7G6ipyJLp6DzvumJsouQKpjkx6ZYGz3nvnRikUTT.YmEq,iallebone16,2022-11-24,Not VIP
gbarrows17@aboutads.info,$2a$04$6KmVQuUtnFpvlUkuIoOkkOEy2mo/hvTvxiUGD8WOZWZS47Gn2DyvG,cniesel17,2023-02-19,VIP
greedman18@google.com.au,$2a$04$lSJOuRfAqeW.UxieS6HiIexu8G8hyYQD50caHObUfYSK4SbHggHzC,pjobbings18,2023-01-18,VIP
mgherardini19@rakuten.co.jp,$2a$04$HlVZs3b0dn/P10wFiKQOE.eQJDpGx6X/VskoJLfVz/dZ866XDBza2,mboxell19,2023-10-13,Not VIP
hyokelman1a@hubpages.com,$2a$04$6UAOQmUElo1CASE2GKtPuOyED2w0aEdqjSSWSvrEVVynRN1/xGM3i,rwalker1a,2022-12-29,Not VIP
eperot1b@youtu.be,$2a$04$bABWk8KG87FPIP8GZaLEPulgs0eCI3svT6DKZ379T3CoBOIDqjv0C,ghairon1b,2023-11-04,Not VIP
smaisey1c@macromedia.com,$2a$04$mBtJ7zIFXY9S17WWaYGEtuBEDxkYVo4IGd1t0Fde8NSC3sA0hBPku,kmckernan1c,2023-03-31,Not VIP
slindenberg1d@sciencedirect.com,$2a$04$txMML8fwNs5Fo/A4KGP4Uu6/D2LOjGr0Y65bRArjJzWgqoVmI4xRm,cstairmond1d,2023-10-06,VIP
dmynett1e@umn.edu,$2a$04$BgtdvweKZ48MQ5QDrgzAe.NTEU.WH6bpIKCi7aOixyQFvNAqUeGJi,epeaker1e,2023-09-15,VIP
ihawke1f@altervista.org,$2a$04$L6LFznQ4fX2YbG/lYBPHuO266K6z592rMKFOpgx/d9mNZ/8cAtwKq,ckingsmill1f,2023-09-09,VIP
fdayment1g@booking.com,$2a$04$AvJwveiP8URDTnTAg8LFweFJWE8ZywEH3WRWk0.S/j9vXySVZkUda,ooaks1g,2022-11-07,Not VIP
tneve1h@ca.gov,$2a$04$NfhGFpVjVKTBht/qVPIDtuN3zQ6NcesM2NIbjBcHrTwg3ZDW4E9g6,dswaby1h,2023-02-20,VIP
gkeese1i@unesco.org,$2a$04$nXorSAmZwIWtRzFyewhTS.FkfjtFvzV4FMpzNCzUAQ/AXYz0Ntw4i,wolanda1i,2023-09-27,Not VIP
mthompsett1j@nymag.com,$2a$04$bcKAoY3ORoQeBH0iTNJInOWXsltDhg2sa55oX5mzef/3J6Np7bDI.,sscuse1j,2023-08-01,Not VIP
cfautley1k@msu.edu,$2a$04$3/YPXDljZqLlUm.lX9vUCeBW70g855nwVrKnxPSdkWNISdpX8DB5W,podrought1k,2023-01-06,VIP
nhalpen1l@phoca.cz,$2a$04$r0cXiu5.5A.WWVLGVqF96.UD/lZKSXXuF4smRN1Oq0ifkh/ZuBCy.,rhedde1l,2022-12-05,Not VIP
ggercken1m@tmall.com,$2a$04$KIvQwbURibRJD54HbLeyV.hH5wvytTluvukwIW.rZqLlLudmOzypC,lkittredge1m,2022-12-26,VIP
mskells1n@ifeng.com,$2a$04$Pk1rpc5SC6NGAp2CBFUjQ.0frlUd/Q9YwbV/P6PtkHjhdQLrkL52y,scristol1n,2023-08-08,VIP
bcrevagh1o@wunderground.com,$2a$04$detI0U05VB6dDj6ZsSsT.eDVSr0GrdzYwCWuGxB/k/8aIwqT6q4MC,clobell1o,2023-03-22,VIP
acorson1p@hugedomains.com,$2a$04$nwT6ujVeQDN/i4H9Y4MH/e06ikY5AaLI9egOpaTxoUXVTOHIHt4hu,ewhittier1p,2023-04-23,VIP
bosharkey1q@miitbeian.gov.cn,$2a$04$tT3QRVDUmpI.qSyJdwCWweatvmDEIhaF5nX7ODXzNmZCub2.uNoBK,kaskie1q,2023-09-19,Not VIP
marmal1r@noaa.gov,$2a$04$veBYa9n/Llwrf8v6s7W.geNZkWrCvWo9eJUJ2zDwYtSG0nGHZTjJq,cproby1r,2022-11-05,VIP
tpavett1s@narod.ru,$2a$04$WGudFqMSTh67uR6a1E5VEOFs/AJSPmmmPT5t4Fre6LRPiGBUVBZQu,imacelane1s,2023-10-25,VIP
hlandy1t@uiuc.edu,$2a$04$FhOEJdAKRjoy0ba2NTd9kePYkd6Z.CjeL9wB6tkBebqfASkrerDoS,zjohannes1t,2023-09-30,Not VIP
myitzhakof1u@timesonline.co.uk,$2a$04$a2Z.aRhGqi5mvNoTRF4laupagMZj2WH0xkN6okZ6rUqvhVOPRhwrW,tlindroos1u,2023-07-28,VIP
lflieg1v@linkedin.com,$2a$04$Cj9f3NFHU2B1hrQD9QgGWu1TcRPz.QRCwuuGZhQcKm7VbvSuhRhGK,bhollyman1v,2023-03-23,Not VIP
crevington1w@google.com.hk,$2a$04$cnRDjXqpz0e3AmruVBA5y.iCr5uVx/U9mKkY2KWoNZitgy0JsDnNu,rreburn1w,2023-04-27,Not VIP
hcholmondeley1x@virginia.edu,$2a$04$miYOhXhZEw4WVy7vaapxZ.yoNPZUGonw.nPKtmCN.Y/3ewAetNbp6,tantonomoli1x,2023-09-11,Not VIP
ebrownlea1y@businessweek.com,$2a$04$MEBnEK/UuEGvwrDw23W6Guhsvnzk3r8pi0Cta3JDfYFGvB.dzdjyW,dcosslett1y,2023-03-19,Not VIP
fscholey1z@dedecms.com,$2a$04$BtBIg2nnjnjWfV1p/PWb0.NkYJ921a5dJwbTaAOLYlKHGiMDtvngq,usandison1z,2022-12-03,VIP
vallanson20@webmd.com,$2a$04$6d6KmWgIVybHrypSpK9c..qiJbmfthClp21lwvneyzz2B9Ju4vvsu,oswale20,2023-05-29,VIP
nbhar21@timesonline.co.uk,$2a$04$N3vHmsthmVyFOeNrg0CGCe6w0GeFnO5P119wn6BcWr7pRZ4FL7L2i,rdaeth21,2023-07-03,Not VIP
bknotton22@list-manage.com,$2a$04$DedS4jcKar2Z29KSUTOFfuyZNnyqrpzysVF9SbJuORuElwX.5chGC,mmadle22,2023-10-19,Not VIP
tducarme23@lycos.com,$2a$04$TmOQDchVZFfboxgG4KFefuW.Z4sWuaiKiVtZ2JWikPjftNTdFThNK,tclerk23,2023-06-06,VIP
jcrannis24@wsj.com,$2a$04$xRclYYBoOilNqulG2AIGXerHWAu63vuCMR9uokulzIkFa52c9NUQG,hbolan24,2023-04-07,Not VIP
dhaggish25@biblegateway.com,$2a$04$UBARbM3TNRpHf6lqWaf0n.VSSvvCFJ7ZyH31D40G/ka5dnUV1EZKC,djephcote25,2023-07-01,VIP
adreamer26@eventbrite.com,$2a$04$8TMUM5b87G7XTbm/uBkKeunvackq25l19CpJZzBlYN3ZsoqDyBPtW,bmcdermottrow26,2023-04-04,Not VIP
abird27@tmall.com,$2a$04$n01BmIYgxp1MOeLpfJScZOXHOmlVSrjVOS6Zl7XGIkxopWma01B5q,gstennet27,2022-11-29,Not VIP
pwilshere28@devhub.com,$2a$04$2nvJHPblO/KcWgyOD5JNUerqVs6KRsufOEy.gNnBiSY8oHZV715Oy,ademelt28,2023-06-18,Not VIP
dtrood29@businessinsider.com,$2a$04$3PPiNOW7Vj54HtWvQJ2pM.vNj3.I1k860h9u6V8FNCNjPOVLNGzwG,rfrail29,2023-07-27,Not VIP
bdobkin2a@loc.gov,$2a$04$9kBCBBiSLxXb1GoWi8X44uRK6EVyYXS7QnJuE73UnfaZO.tVB/g5.,lgolagley2a,2023-01-28,Not VIP
aseargeant2b@psu.edu,$2a$04$jkCQ6jYLJg13N2FUx8JcVOtUaVfyqFWt1.zo4GF9QVZzgvQ0zsbOW,jhuygens2b,2023-05-03,Not VIP
ngregorowicz2c@google.ru,$2a$04$luIk5yj/r0Qmiz75Pvxjoe5cERKSost2vwLY.JDTyo8XtSgdMhDu6,agallety2c,2023-03-18,VIP
cveneur2d@intel.com,$2a$04$5RiehOHRtx8E28bfNe0Vd.SMYftPQYE.A08hO693DQn49b2KJXISC,dchettoe2d,2022-12-06,Not VIP
rabbess2e@ning.com,$2a$04$FhSztG4/WvGmfW6e/Xcqb.78DqJOUGESCqdSZkMzC4OU2nTc6jIvG,qdullard2e,2023-03-31,VIP
mquinnell2f@state.tx.us,$2a$04$cFlpzn77clt8gkdgEVh8COLIfEycMJMb61culXQ3htq7n.2CAoORy,bbowery2f,2023-07-07,Not VIP
gworsell2g@umich.edu,$2a$04$iWPGKUqOFRYE8FW9t81VcOIFg3HuwPXpYKJYK1bkf9nMZF4AMCOdu,sinkles2g,2022-11-10,Not VIP
ddemitris2h@illinois.edu,$2a$04$bx4NCWrWTMojLTbnm/a8/uJ7KEpBeFfG1GZBhXCJtUTnKXENT.txK,gmaltster2h,2023-05-04,Not VIP
klopes2i@soup.io,$2a$04$TIsrgCseiRoXo42AcNbP9.Xzu9Cpvb4ecva0yX7IXR3plXScX/GeG,obartlet2i,2023-03-22,VIP
wbooi2j@com.com,$2a$04$88JqD0kUZOKovuSh1gnSRuXy0owi/eyJD7s3u6HF4luuSr928ud.W,lhearse2j,2023-06-14,VIP
cvitet2k@pinterest.com,$2a$04$sPCf3zqpz3N6JNoAykXFBOM5YXQsLVZoO9/cGV5R5QqmmTOvkBJ1S,mcurnokk2k,2023-08-24,Not VIP
kstroyan2l@elegantthemes.com,$2a$04$U.XW3IKchz7lUCR6f0K2puESoeQ/eVpj62qjT423F5uIl6yzZk3R2,dmelross2l,2023-07-29,Not VIP
mmurrish2m@squidoo.com,$2a$04$Af6zKzDD4L6HseMCUC8qgeNBNjR5N78is3wu7rSMjsszOEbdyiKOC,rskipp2m,2023-08-03,Not VIP
ddoman2n@skype.com,$2a$04$bNohgHXurHVxQqAXN9FFC.ieSF91UaTOl1ANYZu7Ao1xa1wjBOo8S,rbarenskie2n,2023-02-03,VIP
dfosten2o@homestead.com,$2a$04$fXtgWfigqDDVAz9tH.JlJuRnN9D3jVECQCJPJraP5SOO8j6wK6Hsq,bauckland2o,2022-12-04,Not VIP
mcurd2p@sciencedirect.com,$2a$04$SuirP40yellaXXEFJkzLWu0AgMBis7nBk5BYWD2n2nRoWSX3HmLIC,mkleeman2p,2023-07-06,VIP
jferriman2q@tumblr.com,$2a$04$FKW9VB9SPGurum0Emsksx.R3OyPT9a47gf1632piioO2EK9WH1hG.,nrumbelow2q,2023-10-04,VIP
cjacquet2r@addthis.com,$2a$04$csHS0IQSEDQVI/AAP/nfp.r5qqW6Xq5f2BOSxTCu1cpvR1kRDUtUy,salpe2r,2023-09-16,VIP
qmacmaster2s@themeforest.net,$2a$04$nXxXFYRn3SU4Jb.vI825WOs9Z26sh5C.CqTD9FfxOH3/QTZYf1gym,druske2s,2022-12-24,VIP
getheridge2t@boston.com,$2a$04$OKXDREKaoQpIqErlKNxyzu4lsEwj3niXm9h4gIfwcI6jv86VEOKe2,sdoddridge2t,2023-08-05,VIP
geastlake2u@friendfeed.com,$2a$04$PXHTbjv0CshKSEpHp3rNYOrm3DjWuvViCLmkT5ugRCkKV3AXpkNzq,ecraigie2u,2022-11-15,VIP
hfetterplace2v@phoca.cz,$2a$04$HfsqBxv5KlfePyd9KBUZWujvZ9aBIAsUdtulLN1CEbXxr2I.B9yGO,ayoud2v,2023-07-08,Not VIP
cpoleykett2w@usatoday.com,$2a$04$1FXw6o/N.uUbVUuxPP62QOTNp9gRm2Lq8dnkRd.rf19blZs.dF3FO,astenbridge2w,2023-02-02,VIP
jbamlet2x@smh.com.au,$2a$04$Ej1TY/e0cx2.MGuMw1B7xudbM7IQfvYVUVV9YL6uAiZJQaoH0TVua,svennard2x,2023-10-29,VIP
psavory2y@paginegialle.it,$2a$04$PBXctXD9../kGov/dex2y.iTuDhv7KOA8RYmWWMCrZ5h.GvP3X.9m,avanhove2y,2023-05-10,Not VIP
lokennedy2z@sfgate.com,$2a$04$48CJrAmjBb33nDOc.bUQ4urg.zn9R08dM779bvOgdNGcOrUiursKS,kbreese2z,2023-08-26,VIP
ihackin30@comcast.net,$2a$04$8icFJ5moISAM0v9.J114F.WrEI2XjMi0Bj.kosziSNuZbc8hVgJ.C,asamter30,2023-06-29,VIP
cconyer31@thetimes.co.uk,$2a$04$IDHv0cseWEKkp0KmgP468ejkMHpa6noujRlS.KydxNCpJKvySJ5yu,gfranz31,2023-08-09,VIP
kdowd32@goodreads.com,$2a$04$9yLk369Wvd3iiQz/GZ87H.7i9HvKCCtHKZWXQNefFsT2BG8Ada/T6,ltonna32,2023-03-21,VIP
agilvear33@hp.com,$2a$04$.1rowm2DC29WFHneEKosie3atyfPip1jr4I/3nMY4M45NxDsEN65W,ffendlow33,2023-07-15,VIP
cmcamish34@phpbb.com,$2a$04$yKLnym5l2CpPF0rKY0CPeOD0v4u181V/zTGsq/WCcLy9UMyWmnCzC,khayesman34,2022-11-10,VIP
ttrippack35@census.gov,$2a$04$JwJsBEtEG7vgmXhg5JRUI.6h0G7AJn5GP3KfnP44QJzDP8vr9cK62,edominelli35,2023-05-18,Not VIP
talbarez36@indiatimes.com,$2a$04$MfDO75YSGRncRxNTbX0nOeIm9KWyW.tsi2YebxFW0Uy3xxHW0K2YS,hburling36,2023-04-25,Not VIP
ladams37@intel.com,$2a$04$w5QuYT3h8sS8kfj3ogBJfOt8UhMLcN1xDtMD2Hfmhd/2bD9WWFguC,adesson37,2023-01-16,Not VIP
lkausche38@histats.com,$2a$04$um6LPazzEOuyRmPZLPsCEeTygb3Why6PMJmNoLKMXb1E3bvO0Sf2u,hguswell38,2023-03-12,VIP
cmartygin39@youtube.com,$2a$04$L4c9wqDuN70rBRbMoi3Ch.9ybtAGm5jKBEyDNOF6mk9OHkWYJvQu2,fmintoff39,2023-11-02,Not VIP
nfairy3a@ycombinator.com,$2a$04$xPmGSrDGrTchWQ0P5yg13uMCiSGUd13lU2Lb/Hv5l/Es.GR4blQZ2,bentres3a,2023-08-30,VIP
acundy3b@springer.com,$2a$04$p9pgGRYbVxbIYhSLCwRdFueRDFRlHyAL34JE6K9LWlp84FUcsotGa,cpettis3b,2022-11-11,VIP
tkarpfen3c@nhs.uk,$2a$04$9piVJIrhv2hU6Yrj3Pjl1ejCX.ffU6yoMKT6ZONHob5Ie6r/htwlC,wcall3c,2023-02-24,Not VIP
qrenshaw3d@homestead.com,$2a$04$VaWH34jSRB8716NivtLFueRDP.zxY.kHJil3wzL0GIyKq78zIBh1y,vmokes3d,2023-06-19,Not VIP
rschrader3e@ihg.com,$2a$04$1h6naWf19W50ZGH7k.k82.2JYznfSzMT9vpD7NguA9NY52iu0iys6,fbettles3e,2023-02-28,VIP
iolivazzi3f@delicious.com,$2a$04$jG9gwC46XEXJXdr2ouPRfONjB0NK/on4.w705teJW6TJvqAYM9rhO,ldonwell3f,2023-06-25,Not VIP
bmyton3g@house.gov,$2a$04$ngIr.uWfNyGCgEHSqJ8TYeNJEQMUFOjJAENlGaobbuhLhqb5LjPa.,lmcginty3g,2023-11-03,VIP
hstraneo3h@over-blog.com,$2a$04$DZvDFRWktrJjIptRTh1Mce0G4s35vZTRYQZK1JlzAg3tzLXD77JcS,rdelaprelle3h,2023-07-29,Not VIP
mrenzo3i@nature.com,$2a$04$RpNWvLrnJD5j2a1zttyz5uO/x5hhNTZOXqyS5hzueSISx8mL00hfe,mfetherstan3i,2023-04-21,VIP
jramage3j@ustream.tv,$2a$04$LcQDkM6aASpQOKxQzUonmuTLD0qXWe38ScQ3LU9RbqJsZ4Nnhzb0W,nfriend3j,2023-04-01,VIP
lroyds3k@harvard.edu,$2a$04$5bVxRArpqpBszpRt.T1oDOyPfRTmXgVkQZRGt9hAH0q.7Xl55Y.i2,rcuningham3k,2023-07-15,Not VIP
ppasquale3l@pcworld.com,$2a$04$fwrTlcNBp.sf5hHQ8PpB0eT0fc6bbqufz46VmgQGJnMuPnu7si5qu,tdendle3l,2022-12-01,VIP
jlegerton3m@washington.edu,$2a$04$wXZpslINQNq7XDpXTx6YHe4eb7LKy5rC0EnCqgA2/8XX1iZyXLwbK,clangston3m,2023-02-02,Not VIP
hfernyhough3n@google.es,$2a$04$ceKmJwee.D6bwnUneGr2R.CysmKB/B89DbGfe3WLUa1mlfEk02Gsy,nfortey3n,2023-03-27,Not VIP
gfuidge3o@ustream.tv,$2a$04$7Sj2wW34jkg15IpDktgD.OcDXPumRKxHOWo0LgWjg3zKMX6/2d6Su,nmccanny3o,2023-02-22,VIP
dcheson3p@instagram.com,$2a$04$VUAVit1.S793bNxbHmhic.Y37VLZFs0T4VGiAEabf6a46/McetXf2,lcofax3p,2023-08-08,VIP
rbougourd3q@tmall.com,$2a$04$KsUHrCRTNDFtAm.57nI/Cel2ApQBIzWcfv3wG9Pe1WuFhhRFieW2e,cmoreland3q,2023-06-26,Not VIP
nodunniom3r@cloudflare.com,$2a$04$5fyGO6fAcWguUeTyb763jOM/9PAkpvPWMj1nRqMmLEBiKq4Jj4/NK,jmaccaffery3r,2023-04-15,VIP
mfarquhar3s@ehow.com,$2a$04$jNbIWR80Pm2eoYs78JtZtOF/D/MjmLLT5lPivy/vh/8d7O/YlTicK,mrunsey3s,2022-11-29,Not VIP
dtrippitt3t@phpbb.com,$2a$04$OoQ1nEHS1S0LnpKJ8ChVqOXsKK9.lmBmphTZEmYIrEM13/NSU5fM6,slinnard3t,2022-11-14,VIP
twilgar3u@desdev.cn,$2a$04$0gIHPeT7A3UGE6qkp/4z2O65U3r4t23h7Qqrn26jNVJmvJy6J9EZK,ecaress3u,2023-05-07,Not VIP
ehucker3v@meetup.com,$2a$04$0yyoCwgPLAtNTbadsbKjneUqU7iFgJpSZtPzXc0.mJ77HHDTZnRt.,rleinster3v,2023-10-27,VIP
tpritchard3w@ebay.co.uk,$2a$04$Oqzi45IfHONqdZF5aPZ.z.meqf9P9QU2vmjwZQMtlz9baKaxOypdm,itills3w,2023-05-14,Not VIP
mbattaille3x@newyorker.com,$2a$04$4NldbqCBfA2XKcOfQCmXrOWr1JlgcAr7sqBRM.93dpd/KpXXKWRDW,omaine3x,2023-11-03,Not VIP
bpass3y@bizjournals.com,$2a$04$kxbIbmbH.CLfwB9gTyr8N.4vlapvb/oVinmj86W/F/QFdYgxlmznW,amckerron3y,2023-06-15,VIP
ltompkin3z@seattletimes.com,$2a$04$.mkyCnIFAYmegFRbK/gVaOnbhKjmu6OAntX5vxhpx8JYOP.bXsN7.,pflory3z,2023-05-19,Not VIP
chutchison40@digg.com,$2a$04$W/iLUgdBhtVRHT/xA4JebeX4/d81rA9nAHMR5I8jvsBP8mDJNQMb6,coloughlin40,2022-12-02,VIP
dmaddra41@cloudflare.com,$2a$04$bYdPUQ.PxHvRgjYd23Y7X.0W9pSBFIoJx5tszoqYPcur5AymLdPTW,sokeaveny41,2023-06-13,VIP
kseery42@xinhuanet.com,$2a$04$B4/orQWVqsoT1PH8TBg85.XTqkeqyYvxn2w95Do9.5RyGtkPCuqGS,mharfoot42,2023-08-10,Not VIP
wcampe43@chron.com,$2a$04$3lVOj7NUQIMqwaJeN8VdAuGqw2/oYogFjyi8lsYRYh6ivCx2gMxUW,lmonte43,2022-11-07,VIP
kcristofari44@lycos.com,$2a$04$UTMNZ/xCDCMgeh48q0gBV.9FkiWmL3BJ08pawTm.B8FjrZaS/aB.i,dbetty44,2023-01-18,VIP
jbracchi45@skype.com,$2a$04$Q0qE12mSkNZ/4GgRxWGrPe2i1SzFjIk1EZhtLc7IbsCw4qM2satLS,mgiovannilli45,2023-03-05,Not VIP
cgoldstraw46@dailymotion.com,$2a$04$awfCoXiye4eBMYWxWOWCIe9dkNnmj/fGbbZc1GBmygtdHaoNSh8MS,rbasil46,2023-03-17,Not VIP
mackerman47@indiatimes.com,$2a$04$gDOXqY3n2wB94Pd9zsXda.Rskj5YrqxbsEekUTiU6HF19/PRiC9Pi,agreville47,2023-07-09,Not VIP
ybelderfield48@hao123.com,$2a$04$sm4AbR8BGdJJbks87/GtOe4CgK9Vpj2FnfDXervyJwBIH2O2aoIf6,lhammerman48,2023-08-15,Not VIP
bhillock49@amazon.co.uk,$2a$04$nK8u.qQq2GBG7n5yfpxEQuAcC/twupRmgN8R6mO4mP/EmtSQUEMSG,zdowner49,2023-08-31,Not VIP
bsimmgen4a@privacy.gov.au,$2a$04$xTPsq/I58xTPiuKJzeAtteZCzt3OsEcXwygGe/YicH3cC3Ad4hNqG,cokennavain4a,2023-07-24,VIP
kbeecraft4b@flavors.me,$2a$04$S8vITvPUD4.93ZjCCOgo8OYTIhudIeRMdm5UjHn.D3jEflqPMJCcG,jcadogan4b,2023-07-22,Not VIP
abarszczewski4c@google.de,$2a$04$yPReA3DKFpYoJbkY0gOYueTx.nksGumgMe1JKc1g3orkdxc69qMcy,mrichens4c,2022-12-01,VIP
lhincham4d@deviantart.com,$2a$04$7g/qPwYWU/soDrOTz3tlC.oiaSr0V81APvNKDbUvWaoeuPytL2J1G,adeluze4d,2023-04-05,Not VIP
lmolan4e@dyndns.org,$2a$04$jhcQGA6Bp8n42ecVWR/lvORoGf2G/f03yVE0FPrZOon0tJEmK8CAC,vnudds4e,2023-09-23,Not VIP
adugdale4f@vkontakte.ru,$2a$04$PPZPSiVPeLDnAaxkkXqsyugp8aEOyc4uGF7001UCZzY0aKjZvnf6K,emacmenamy4f,2022-11-17,VIP
gspires4g@timesonline.co.uk,$2a$04$uImnfvOW0vs3gtwinfVtd.mMs0hsox8MEmMwqrmJcKE..BqhMrNwC,wascroft4g,2022-11-14,Not VIP
kohenery4h@admin.ch,$2a$04$rdNohFCTH3AIVgyXlnWFe.J1tHxyiv5vGGE8GrPCvpaCI.WCKCOSq,dmadle4h,2023-05-07,VIP
sgood4i@t-online.de,$2a$04$1Ch3mLX0tloh9mCgNSk1HO.vR/H/DtOvdAH/d5vhnjXLWJar.cr3m,ccrampton4i,2023-09-07,VIP
kspada4j@latimes.com,$2a$04$4GVRr7qxc2ehc/gJsHtDHOtmtMiGxU3U6.Fw.WNmtjMn8rnELcZjq,scolbran4j,2023-05-14,Not VIP
cmeechan4k@usatoday.com,$2a$04$.XxZELYebcN6ak/41o0rSeT0wbADOrqHSgtweUcphGKAoH3HO8pIK,mrabbatts4k,2023-03-11,VIP
kcrisford4l@latimes.com,$2a$04$.omRvrxyEH62DPNd/e8ksuuN6LZ4ffbfec58YL2qUD2ZODkHquEAO,adayborne4l,2023-08-05,Not VIP
gdayer4m@arstechnica.com,$2a$04$msRktDkfMcXk7v9yFAaRKefi4liLBd9bxbT43aB/Z6t4004icwRKe,hdumphreys4m,2022-12-30,VIP
hhanner4n@dagondesign.com,$2a$04$euJ9DQJb2C3NdKn0qXZz2ucTvQ0RWGA1FEEKKK/LPCJqdQnnRGbbm,ojosephov4n,2023-02-05,VIP
mheistermann4o@smh.com.au,$2a$04$pbPlL.2fqqFHYFN.Kgo3lu5UtuCHOHlUi6xd9FadgAy6SMhCprq6u,gfoucher4o,2023-03-11,Not VIP
cvero4p@paginegialle.it,$2a$04$4pN5j9sayI05TeM5cx1NseGgyLuZ2CGXpEPU2E9DcyGmLdavoiWj2,ogariff4p,2022-12-13,Not VIP
htremmil4q@odnoklassniki.ru,$2a$04$IXVxxFI7LFYXk1mflAMHuO70kwVWAhxJO4O1G0lBs8iHP9AhusUDq,mdonne4q,2023-03-20,VIP
dcarmichael4r@ucoz.ru,$2a$04$y8vROQNP0/9ADu.vYno6kuH3pgtU1MOpRHx27QK0FMrnmoBnTYwz2,elongbottom4r,2023-02-04,VIP
beacle4s@trellian.com,$2a$04$9t3Ofw0F6oVLV.LhVj1Vquhm9nXk6mzgNP1BadCwM09xy98bp2.C6,sroskelley4s,2022-11-28,Not VIP
cedmonston4t@sphinn.com,$2a$04$W6g05tQHh1oDhS/rPy0Q9.QGwcQO8r154GRH41/7x38taNoo75QIe,tmineghelli4t,2023-09-03,VIP
dsmalls4u@smh.com.au,$2a$04$9rnpRj8MSncNSl6IpWXuL.kc8Q5LIjRClkJFXhRSlXlAcg0Cpjy2y,aperdue4u,2023-03-25,VIP
pfolkerd4v@ow.ly,$2a$04$Bo7i7alV/NG1aQydhlFwz.BmE8667NXViFfx7CuQJrUpMlHNzmLYq,jpendall4v,2023-05-13,VIP
jjanicek4w@themeforest.net,$2a$04$rrMeTlM/BGattIfFUkF4iOBTVFfx4qsYSXDcBaEjJDoCnYkvQwvQ.,vcharles4w,2023-05-14,Not VIP
whardwicke4x@about.com,$2a$04$vTLVa2Yr5roT2xo0QXl9eedjMDx.K/IADctkk.iwAw6My6spEXHy6,galeksic4x,2022-11-06,Not VIP
akorf4y@constantcontact.com,$2a$04$NMzYsWR7kaAkGARGOIC0ROGqbofrl/GArbV58gL1X0HQ8Ah5iun3C,dgilling4y,2023-09-06,Not VIP
gseid4z@webs.com,$2a$04$iYLRTXzMFQqaBisyi1opIezyRdhzaxQklOw2X6j1goxrcPf58ZCvq,alife4z,2023-07-21,Not VIP
lfelce50@uiuc.edu,$2a$04$6ZntOQkZ9NeLMZeSA473EOD7IUmsHfNIVro6Q06dhE0ZXXCWyUTMO,apellissier50,2023-06-18,VIP
ahodgin51@jigsy.com,$2a$04$nit2IfPyAf6vCViJ08ZY7egCZZkXymrKGJUXmcnxtmcQWgNNUdzby,bstonier51,2023-01-08,Not VIP
aburnsall52@walmart.com,$2a$04$3/Mhf2yX7V.gorVr.Zm.tOdwnuMNQstZwqo80uuWILLbhdG839pY6,sharkness52,2023-03-17,VIP
kreade53@apple.com,$2a$04$H6WSUQYgG7np06.8Ea88HuPP7mXswZoNyp/1lyXGvtsG6xDTGTbfO,bhurdman53,2022-11-06,Not VIP
tstennett54@networkadvertising.org,$2a$04$bmaU.IahrC0fsl81Bj.fl.XIR5CBYT8KR9wq/Nz1Riolm9.jQQiXC,eokker54,2023-07-02,Not VIP
asturges55@studiopress.com,$2a$04$F1y1.cgd25LkCGVWVuKONO7Ln9vUVADbexz/QYHXNKlGRCsrvbS1e,cdunklee55,2023-05-20,VIP
oleneham56@amazon.co.uk,$2a$04$FRtbk80JCtLISMajXn61AeVaZr5INXuEgEabEY6mUNpChKou8yz4q,jsnaith56,2023-01-20,Not VIP
klekeux57@issuu.com,$2a$04$KdKhO0hdBYuGBmZR2Ao7zubRm.xNMZ1YTTMupa9EJN5B4ryOSqIaa,brackley57,2023-09-10,Not VIP
dhair58@chronoengine.com,$2a$04$6UKWd6ulh4tpMN8oUzdTF.bg4gggaNeTz39PTuBYreXaOUK6OHLai,mrijkeseis58,2023-03-02,VIP
lclutterham59@google.ca,$2a$04$G.7rV8wGPM24ciw5K5ZJEugATx12eWNlr2nCaZaOJok59OubL7cjm,ggislebert59,2023-09-03,VIP
ritskovitz5a@microsoft.com,$2a$04$QKm62dLtl4LANgra.UgSueaevZu.vtfMTI3TyIdZPPCxJ7K3CF9e.,mtrinbey5a,2023-01-23,VIP
vcowope5b@sbwire.com,$2a$04$tlfJYXu25FmzyrQKxT1foOxR6BtrT3RNc8cdORFZJ3MuZ.y9WVC9C,bmingardo5b,2023-05-12,Not VIP
renderle5c@ucla.edu,$2a$04$2Ihl3N5A7d.hW09uLN9K2eEZIiQb1zNofSzLZpknOVLwH/UMD2UVq,abarrim5c,2022-12-28,Not VIP
fmansell5d@bloglovin.com,$2a$04$8IMN6tRivot0MOQL5PTRuu9CDbA0NDi/9ik.eSB71spnGxZjB4tn6,edanniell5d,2023-02-05,Not VIP
dfigure5e@list-manage.com,$2a$04$wiHUpPDBPBsK1K.tNljRPOqajIcq2HOxqaFcoayPgmGw7K3PTJAJy,cpietrzak5e,2023-01-10,Not VIP
lesplin5f@google.co.jp,$2a$04$Zk8oXDX1VhM7BEJtwHuX0.Rg5gsjI3/nNiKriUFy1xD.2q0Iqt24.,mlegate5f,2022-11-14,Not VIP
dnealand5g@merriam-webster.com,$2a$04$lvhVbrGkZhl7zc885dVaOO3JV8GrM0x7oI0owLZgC1yl0/XJoey6m,dsurfleet5g,2023-02-27,Not VIP
awilkenson5h@bigcartel.com,$2a$04$7gc9UwoI2nOHtQFWuGZSh.gKhcqlU6cmlpraqWL23JJm6KXzGAymW,drosenfeld5h,2023-05-05,VIP
cterzo5i@mashable.com,$2a$04$aS4icipdVK5w.ZnGdJPnFeOL3uW4QGB3c5..skleLXBw2wOStlbym,adale5i,2023-09-24,VIP
wscully5j@un.org,$2a$04$VXRD0PIpvH06wTodDx3Mk.Cee166yWkS1EsajhhTgd1duKcj5YLhK,mhaggard5j,2023-03-31,Not VIP